razon_social;localidad;triaje;motivo
Embalajes Sociedad De Responsabilidad Limitada;Rosario Sud;indeterminado;no hay indicadores claros en nombre
Ceramica Rosario S.A.;Rosario Norte;industrial_otro;empresa sin sector identificable
Centro De Chapas Rosario S A;Rosario Sud;industrial_objetivo;contiene chapas en nombre
Compañia Argentina De Levaduras S A I C;El Manatial;indeterminado;no hay indicadores claros en nombre
San Pedro Arenas Sociedad Anonima;San Pedro;indeterminado;no hay indicadores claros en nombre
Salta Refrescos S A;Salta;no_objetivo;bebidas refrescantes
Guardar Pergamino S.A;Pergamino;industrial_otro;empresa sin sector identificable
Guardiagrelli Srl;Venado Tuerto;industrial_otro;empresa sin sector identificable
Grupo Alimenticio S A;Rio Cuarto;indeterminado;no hay indicadores claros en nombre
HONOMAR S.A.;LEONES;industrial_otro;empresa sin sector identificable
HIJOS DE LORENZO BRUNOTO S.A.;LAS VARILLAS;industrial_otro;empresa sin sector identificable
Hillmann S.A.;Wilde;industrial_otro;empresa sin sector identificable
Cardinali Srl;Firmat;industrial_otro;empresa sin sector identificable
FARIAS LOPEZ FACUNDO CATRIEL;MARCOS JUAREZ;indeterminado;no hay indicadores claros en nombre
Alasur S.A.;San Luis;industrial_otro;empresa sin sector identificable
Sociedad Anonima Molinos Fenix;Villa Maria;indeterminado;no hay indicadores claros en nombre
HODULICH ALCIDES NATALINO Y HODULICH NESTOR FABIAN S.H.;BELL VILLE;indeterminado;nombre de personas en sociedad
Sobrero Y Cagnolo S A;San Marcos Sud;indeterminado;nombre de personas en sociedad
Alberto Chill Implementos Agricolas S.R.L.;Villa Angela;industrial_objetivo;contiene implementos agricola en nombre
Agroproducciones Torresi S.R.L.;Cañada De Gomez;industrial_otro;empresa sin sector identificable
Hardtech Inc S R L;Ramallo;indeterminado;no hay indicadores claros en nombre
Ser Beef Sa;Comandante Granville;no_objetivo;dominio sector agrícola
Seletti Y Garcia S.R.L;Rojas;industrial_otro;empresa sin sector identificable
Sergrain S.A.;Baradero;industrial_otro;empresa sin sector identificable
Alfaterra S R L;San Vicente;indeterminado;no hay indicadores claros en nombre
Hreñuk Sa;Apostoles;indeterminado;no hay indicadores claros en nombre
Sociedad Anonima Molinos Fenix-SALTO;Salto;indeterminado;no hay indicadores claros en nombre
INNOPOR S.A.;MONTE BUEY;industrial_otro;empresa sin sector identificable
INDALBERT S.R.L.;CIUDAD AUTONOMO DE BUENOS AIRES;industrial_otro;empresa sin sector identificable
Espro Sociedad Anonima;Sauce Viejo;indeterminado;no hay indicadores claros en nombre
UNION AGRICOLA DE LEONES SCL;LEONES;no_objetivo;productor agropecuario
Establecimiento Santa Silvia S.R.L.;BELL VILLE;industrial_otro;empresa sin sector identificable
Establecimiento Daga S.R.L.;Capitan Bermudez;industrial_otro;empresa sin sector identificable
Transporte Italia S.A.;Arrecifes;industrial_otro;empresa de transporte
Transformadores Pergamino Srl;Pergamino;industrial_objetivo;contiene transformadores en nombre
Transmision De Potencia Y Servicios Argentina Srl;Santa Lucia;industrial_objetivo;contiene transmision en nombre
Fabrimac S A;Rojas;indeterminado;no hay indicadores claros en nombre
Fabrimac S.R.L.;Maciel;industrial_otro;empresa sin sector identificable
Tmroldan S.R.L.;San Miguel De Tucuman;industrial_otro;empresa sin sector identificable
FONS SANTIAGO;BELL VILLE;indeterminado;no hay indicadores claros en nombre
FRICTIONLAB S.R.L;SAN MARTIN -PDO.;industrial_otro;empresa sin sector identificable
Capurelli Sociedad S. Cap I Secc Iv;Rojas;indeterminado;no hay indicadores claros en nombre
FAIRAGRO S.R.L.;SAN MARCOS SUD;industrial_otro;empresa sin sector identificable
Tc Rey S.A.;Gdor Virasoro;industrial_otro;empresa sin sector identificable
Stara Argentina S.A.;Rosario Norte;industrial_otro;empresa sin sector identificable
Stelzer Luis Alberto Y Capurro Horacio Andres;San Nicolas;indeterminado;nombre de personas en sociedad
CONDOMINIO DE BERNARDI ANTONIO R. Y OTROS;BELL VILLE;indeterminado;nombre de personas en sociedad
Grau Alberto Jaime Y Grau Alejandro Alberto S.H.;San Pedro;indeterminado;nombre de personas en sociedad
Grasiani Gustavo Javier Y Foletto Dario Guillermo Jose S.H.isar;Segui;indeterminado;nombre de personas en sociedad
Agrotecnologia Y Servicios S A Ricardone;Ricardone;indeterminado;nombre de personas en sociedad
Stm Argentina S A;Santos Lugares;indeterminado;no hay indicadores claros en nombre
Tobia S R L;Arrecifes;indeterminado;no hay indicadores claros en nombre
Tio Tom Sociedad Anonima;Rosario Sud;indeterminado;no hay indicadores claros en nombre
FERRETERIA NOVAIRA SRL;CINTRA;industrial_otro;empresa sin sector identificable
Cartonera Puerto S A;Puerto General San Martin;indeterminado;no hay indicadores claros en nombre
ANDRESITO S.A.;CHILIBROSTE;industrial_otro;empresa sin sector identificable
VIATICAL S.A.;POZO DEL MOLLE -D;industrial_otro;empresa sin sector identificable
Terminal Bahia Blanca Sa;PUERTO BAHIA BLANCA;indeterminado;no hay indicadores claros en nombre
ARINCO S.R.L.;BELL VILLE;industrial_otro;empresa sin sector identificable
ANTONIO BERNARDI S.A;BELL VILLE;industrial_otro;empresa sin sector identificable
Ubrac S.R.L.;Villa Constitucion;industrial_otro;empresa sin sector identificable
FIDEICOMISO RODEO CHICO;ROSARIO;indeterminado;no hay indicadores claros en nombre
Termoplasticos Chivilcoy S.A.;Chivilcoy;industrial_objetivo;contiene plast en nombre
Termal Solution Sociedad Anonima;San Nicolas;indeterminado;no hay indicadores claros en nombre
Expreso Rodrigo S.R.L.;Rosario Sud;industrial_otro;empresa sin sector identificable
Leaf Agrotronic S.R.L.;Armstrong;industrial_otro;empresa sin sector identificable
CAPELLINO NESTOR JOSE Y CAPELLINO VALENTINA;COLONIA TACURALES;indeterminado;nombre de personas en sociedad
Agricultores Fed Arg Soc Coop Ltda totoras;Totoras;no_objetivo;cooperativa agrícola
Caelis Energy Sociedad Anonima;Rosario Norte;indeterminado;no hay indicadores claros en nombre
D. H. SOCIEDAD ANONIMA;RIO TERCERO;indeterminado;no hay indicadores claros en nombre
Agricultores Federados Argentinos Soc CR Cañada Rosquin;Cañada Rosquim;no_objetivo;cooperativa agrícola
Crimea S.R.L;Capitan Bermudez;industrial_otro;empresa sin sector identificable
PRODINAMICA S.A.;ROSARIO;industrial_otro;empresa sin sector identificable
El Cerco S.R.L.;Rosario Sud;industrial_otro;empresa sin sector identificable
Brimax S.A.;San Lorenzo;industrial_otro;empresa sin sector identificable
Ortalda Hermanos Y Compa#Ia Sociedad Colectiva;Lanus;indeterminado;nombre de personas en sociedad
Olf S.R.L;Roldan;industrial_otro;empresa sin sector identificable
Gama S R L;San Francisco;indeterminado;no hay indicadores claros en nombre
Brumont S.A.;Rosario Sud;industrial_otro;empresa sin sector identificable
DANTE SERRA S.R.L;MONTE BUEY;industrial_otro;empresa sin sector identificable
Cerro Bayo S A;Villa La Angostura;indeterminado;no hay indicadores claros en nombre
Trans-Fer S R L;Malagueño;indeterminado;no hay indicadores claros en nombre
Ever Wear S.A.;San Francisco;industrial_otro;empresa sin sector identificable
Felix Di Ninno E Hijos S A;San Martin;indeterminado;nombre de personas en sociedad
Formulagro Sociedad Responsabilidad Limitada;San Lorenzo;no_objetivo;productor agropecuario
ESTABLECIMIENTO DON LEANDRO S A;ESTACION ESMERALDITA;indeterminado;no hay indicadores claros en nombre
Acriba Sa;Villa Minetti;indeterminado;no hay indicadores claros en nombre
Acrilpal S. A.;Galvez;indeterminado;no hay indicadores claros en nombre
Tecsol Srl;Rosario Sud;industrial_otro;empresa sin sector identificable
Caire E Hijos S. R. L.;San Jose;indeterminado;nombre de personas en sociedad
Tecnologia Perez S A;Carmen De Areco;indeterminado;no hay indicadores claros en nombre
Tecnomyl S. A.;Rio Grande;indeterminado;no hay indicadores claros en nombre
Faymo Srl;Capitan Bermudez;industrial_otro;empresa sin sector identificable
Oleo Norte S.A.;Salto;industrial_otro;empresa sin sector identificable
Nor Din S A;Villa Ballester;indeterminado;no hay indicadores claros en nombre
Papelera Cesar S.A.;Rosario Norte;industrial_objetivo;contiene papelera en nombre
Papelera Mediterranea S A;Cañada De Gomez;industrial_objetivo;contiene papelera en nombre
Nutrien Ag Solutions Argentina Sa;Vicente Lopez;indeterminado;no hay indicadores claros en nombre
Nutrifarms S.R.L.;Despeñaderos;industrial_otro;empresa sin sector identificable
Petit Plast Sociedad Anonima;Salta;industrial_objetivo;contiene plast en nombre
Decofer Sa;Caseros;indeterminado;no hay indicadores claros en nombre
Moviport Sociedad Anonima;San Nicolas;indeterminado;no hay indicadores claros en nombre
BIOLATO CEREALES S.C.;LEONES;indeterminado;no hay indicadores claros en nombre
Nuevo Montenegro S.R.L.;Villa Gobernador Galvez;industrial_otro;empresa sin sector identificable
NUTRIEN AG SOLUTIONS ARGENTINA S.A.;GENERAL ROCA;industrial_otro;empresa sin sector identificable
NOGALNOTTE S.A.;CAPITAL FEDERAL;industrial_otro;empresa sin sector identificable
ORTEGA HERMANOS S A;IDIAZABAL;indeterminado;no hay indicadores claros en nombre
Olivos Del Valle S.A.;San Fernando Del Valle De Catamarca;industrial_otro;empresa sin sector identificable
Corrugados S L S A;San Lorenzo;industrial_objetivo;contiene corrugados en nombre
Corteva Agriscience Argentina Srl;Vicente Lopez;industrial_otro;empresa sin sector identificable
Dehezamet S A;General Deheza;indeterminado;no hay indicadores claros en nombre
Nea Tex S.A.;Bella Vista;industrial_otro;empresa sin sector identificable
Nautica Ro-An S.R.L.;Florencio Varela 658;industrial_otro;empresa sin sector identificable
Mta Rosario S.R.L.;Rosario Norte;industrial_otro;empresa sin sector identificable
Agricultores Federados Argentinos Soc Coop Ltda ARMSTRONG;Armstrong;no_objetivo;cooperativa agrícola
Agricultores Federados Argentinos Soc Coop Ltda CHOVET;Chovet;no_objetivo;cooperativa agrícola
B M Señalizaciones S.A.;Rosario Sud;industrial_otro;empresa sin sector identificable
Corteva Seeds Argentina S. R. L.;Vicente Lopez;indeterminado;no hay indicadores claros en nombre
MANISEL SA;PASCO;indeterminado;no hay indicadores claros en nombre
Cooperativa Frigorifica Leandro N Alem;Leandro N. Alem;industrial_otro;cooperativa o federación
Luis Losi S A;Parana;indeterminado;no hay indicadores claros en nombre
Diagonal Citrus S.R.L.;Tafi Viejo;industrial_otro;empresa sin sector identificable
Correas Auto Cord S A;;indeterminado;no hay indicadores claros en nombre
Multicadenas S.R.L.;;industrial_otro;empresa sin sector identificable
New Gen Breeders Sa;;indeterminado;no hay indicadores claros en nombre
Acplind Srl;;industrial_otro;empresa sin sector identificable
Abans Recursos Humanos S.R.L.;;industrial_otro;empresa sin sector identificable
Empresa testeo;;industrial_otro;empresa sin sector identificable
Enrique M Baya Casal S A;;indeterminado;no hay indicadores claros en nombre
Uranga Trading S.A.;;industrial_otro;empresa sin sector identificable
VANHESSEN;;indeterminado;no hay indicadores claros en nombre
Termoandes S A;;indeterminado;no hay indicadores claros en nombre
Servicios Portuarios Sa Villa Constitución;;industrial_otro;empresa sin sector identificable
Servicios Portuarios Sa;;indeterminado;no hay indicadores claros en nombre
Argen Power Sociedad Anonima;;indeterminado;no hay indicadores claros en nombre
Arauco Argentina S.A Pto. San Martin;;industrial_otro;empresa sin sector identificable
Central Vuelta de Obligado S.A.;;industrial_otro;empresa sin sector identificable
Artembal S A;;indeterminado;no hay indicadores claros en nombre
S A Estancia La Pelada Ganadera Y Comercial;;no_objetivo;estancia ganadera
Wae Srl;;industrial_otro;empresa sin sector identificable
Mattina Hnos S.A.C.I.A.N.;;industrial_otro;empresa sin sector identificable
Boortmalt Argentina S.A.U;;industrial_otro;empresa sin sector identificable
Prohigeo S.A.;;industrial_otro;empresa sin sector identificable
Wade Sociedad Anonima;;indeterminado;no hay indicadores claros en nombre
Hilado Sociedad Anonima;;indeterminado;no hay indicadores claros en nombre
Nortrading SRL;;industrial_otro;empresa sin sector identificable
TITANIO S.A.;;industrial_otro;empresa sin sector identificable
Agustin Vidizzoni S A;Salta;indeterminado;no hay indicadores claros en nombre
Carrocerias Saldivia Sa;Alvear;indeterminado;no hay indicadores claros en nombre
Bricher S.A.;San Jorge;industrial_otro;empresa sin sector identificable
Cp S.A;rosario;industrial_otro;empresa sin sector identificable
Crabsa Sa;Rosario Sud;industrial_otro;empresa sin sector identificable
LOS GUASUNCHOS SA;CAPITAL FEDERAL;indeterminado;no hay indicadores claros en nombre
Laboratorio Quimeco S.R.L.;Perez;industrial_otro;empresa sin sector identificable
Idm Sa;San Lorenzo;indeterminado;no hay indicadores claros en nombre
Budai Sa;Rosario Norte;indeterminado;no hay indicadores claros en nombre
Costantini Y Asociados S.A.;Rosario Norte;industrial_otro;empresa sin sector identificable
DASCOLA Leonardo Manuel;JUSTINIANO POSSE;indeterminado;no hay indicadores claros en nombre
Agricultores Federados Argentinos BOMBAL;Bombal;industrial_objetivo;contiene bomba en nombre
Cerealista Hughes S.A.;Rosario Norte;industrial_otro;empresa sin sector identificable
Ciexsa Compañia Integrada De Exportacion S. A.;Colon;industrial_otro;empresa sin sector identificable
Cimomet S A;Rosario Sud;indeterminado;no hay indicadores claros en nombre
Conea S.A.;Las Varillas;industrial_otro;empresa sin sector identificable
Bronway Technology Sa;Rosario Norte;indeterminado;no hay indicadores claros en nombre
Cooperativa Agropecuaria De Armstrong Ltda.;Armstrong;no_objetivo;cooperativa agrícola
Cooperativa Agropecuaria General Paz De Marcos Juarez Limitada;Marcos Juarez;no_objetivo;cooperativa agrícola
Cormetal S A;Perez;indeterminado;no hay indicadores claros en nombre
Criluan S.R.L.;Diamante;industrial_otro;empresa sin sector identificable
Cruci S. R. L.;Rosario;indeterminado;no hay indicadores claros en nombre
Orbis Mertig San Luis S A I C;Fraga;indeterminado;no hay indicadores claros en nombre
Cooperativa De Trabajo Creciendo La Lagunita Limitada;Rosario Sud;industrial_otro;cooperativa o federación
Cooperativa De Trabajo Jabonera Cañada Rosquin Ltda;Cañada Rosquin;industrial_otro;cooperativa o federación
Dbt S A;Sastre;indeterminado;no hay indicadores claros en nombre
Daniel Gaggiotti S.R.L.;Villa Gobernador Galvez;industrial_otro;empresa sin sector identificable
Cooperativa De Trabajo Y Provision De Servicios Para Productores Rurales Nueva Cotar De La Gente Limitada;Rosario Norte;industrial_otro;cooperativa o federación
Cooperativa De Trabajos Portuarios Limitada De San Martin;Puerto General San Martin;industrial_otro;cooperativa o federación
Depetris S.A.S;Lehmann;industrial_otro;empresa sin sector identificable
Corbe Srl;Ciudad De Cordoba Norte;industrial_otro;empresa sin sector identificable
Nueva Cristaleria Rosario S.A.;Rosario Norte;industrial_otro;empresa sin sector identificable
Bags Confiad Sa;Perez;indeterminado;no hay indicadores claros en nombre
BUSSANO FERNANDO;MARCOS JUAREZ;indeterminado;no hay indicadores claros en nombre
Neltec S.A.;Rosario Norte;industrial_otro;empresa sin sector identificable
Mra Implementos Agricolas S.A.;Arrecifes;industrial_objetivo;contiene implementos agricola en nombre
Crucianelli Fabril S.A.;Armstrong;industrial_otro;empresa sin sector identificable
Cantera Dumesnil S A;Dumesnil;indeterminado;no hay indicadores claros en nombre
Agricultores Federados Argentinos Rojas;Rojas;no_objetivo;cooperativa agrícola
Noro Raffaelli S.A.;Goya;industrial_otro;empresa sin sector identificable
O.S. S.A.;Rosario Norte;industrial_otro;empresa sin sector identificable
O.S. S.A. Arrecifes;Arrecifes;industrial_otro;empresa sin sector identificable
Novasider Srl;San Nicolas;industrial_otro;empresa sin sector identificable
Ngr S.A.;Rosario Sud;industrial_otro;empresa sin sector identificable
Numerik Srl;Rosario Sud;industrial_otro;empresa sin sector identificable
Nunes Raul Viviana Elida Rodriguez;Rosario Sud;indeterminado;no hay indicadores claros en nombre
Novomilog Sa;Piñero;indeterminado;no hay indicadores claros en nombre
Parodi Sociedad De Responsabilidad Limitada;Rosario Sud;indeterminado;no hay indicadores claros en nombre
Pelayo Agronomia S.A.;General Pico;industrial_otro;empresa sin sector identificable
Peltec Sa;Villa Gobernador Galvez;indeterminado;no hay indicadores claros en nombre
Perfabri S.R.L.;Venado Tuerto;industrial_otro;empresa sin sector identificable
Delaval S.A;El Trebol;industrial_otro;empresa sin sector identificable
Delaval S.A ALVEAR;El Trebol;industrial_otro;empresa sin sector identificable
Decor S.A.;Rosario Norte;industrial_otro;empresa sin sector identificable
Panamerican Cargo S.A.;Rosario Sud;industrial_otro;empresa sin sector identificable
Fernandez Nellys De E Hijos Sh;Melincue;indeterminado;nombre de personas en sociedad
Fernandez Walter Hugo;Gobernador Virasoro;indeterminado;no hay indicadores claros en nombre
Acys Mendoza S A;Godoy Cruz;indeterminado;no hay indicadores claros en nombre
TRANSUAR S.A.S;BELL VILLE;industrial_otro;empresa sin sector identificable
Agricola Elvio Richetta S A;General Cabrera;no_objetivo;productor agropecuario
G P AGRO S.A;TAIS;industrial_otro;empresa sin sector identificable
TAEDA S A;MONTECARLO;indeterminado;no hay indicadores claros en nombre
Agropecuaria Don Livio S.A.;Calchaqui;industrial_otro;empresa sin sector identificable
Fideicomiso Trinidad;Villa La Trinidad;indeterminado;no hay indicadores claros en nombre
Agricola Franklin Fuente S.A.;Necochea;industrial_otro;empresa sin sector identificable
Agricola Garcia Sociedad Anomina;San Miguel De Tucuman;no_objetivo;productor agropecuario
Agh S.R.L.;Rosario Sud;industrial_otro;empresa sin sector identificable
Tace Sociedad De Responsabilidad Limitada;Rosario Norte;indeterminado;no hay indicadores claros en nombre
Tafor S R L;Villa Gobernador Galvez;indeterminado;no hay indicadores claros en nombre
Table'S Srl;Casilda;industrial_otro;empresa sin sector identificable
Calabro S.R.L.;Rosario Norte;industrial_otro;empresa sin sector identificable
Flanker S.A.;Villa Gobernador Galvez;industrial_otro;empresa sin sector identificable
Fiscam S. A.;Salto;indeterminado;no hay indicadores claros en nombre
Forja S A;Rosario Sud;industrial_objetivo;contiene forja en nombre
Forner S R L;Luzuriaga;indeterminado;no hay indicadores claros en nombre
Financial Brokers Sa;San Miguel De Tucuman;indeterminado;no hay indicadores claros en nombre
Fidecal Srl;Rosario Norte;industrial_otro;empresa sin sector identificable
Ferrimaq Srl;Munro;industrial_otro;empresa sin sector identificable
CREDIFIN;Rosario;indeterminado;no hay indicadores claros en nombre
Tecnodinamia Fundal S.A.;San Andres;industrial_otro;empresa sin sector identificable
Tecnofrig S.R.L;Carcaraña;industrial_otro;empresa sin sector identificable
Aceros Zapla S A;Palpala;industrial_objetivo;contiene aceros en nombre
Aceitex S.A.;Uranga;industrial_otro;empresa sin sector identificable
Acenor Nea Srl;Rosario Norte;industrial_otro;empresa sin sector identificable
Tecnovo S A;Crespo;indeterminado;no hay indicadores claros en nombre
Tecnimotors Soc. Por Acciones Simplificada;Hurlingham;industrial_objetivo;contiene motor en nombre
Fitz Roy Bio Nutricion Sa;Firmat;indeterminado;no hay indicadores claros en nombre
Geoplastic Industries S.R.L.;Rosario Sud;industrial_objetivo;contiene plast en nombre
Gear S A A I C F E I;Rojas;indeterminado;nombre de personas en sociedad
Geminelli S A;Perez;indeterminado;no hay indicadores claros en nombre
Gatti Sociedad Anonima;San Francisco;indeterminado;no hay indicadores claros en nombre
Gisi Srl;Rosario Norte;industrial_otro;empresa sin sector identificable
Gier S R L;Piñero;indeterminado;no hay indicadores claros en nombre
Giandinoto S.R.L.;Rosario Sud;industrial_otro;empresa sin sector identificable
Geotec Srl;Armstrong;industrial_otro;empresa sin sector identificable
Agricultores Unidos De Tancacha Cooperativa Agricola Limitada;Tancacha;no_objetivo;cooperativa agrícola
Gepsa Pergamino Sa;Pergamino;industrial_otro;empresa sin sector identificable
Gergolet Agricola S.A.;Morteros;industrial_otro;empresa sin sector identificable
Girasoles Del Plata S.A;pehuajo;industrial_otro;empresa sin sector identificable
Gorosito, Diego German, Maximiliano Gorosito;El Trebol;indeterminado;no hay indicadores claros en nombre
Godoy Poviña SA Reconquista;Reconquista;industrial_otro;empresa sin sector identificable
Godoy Poviña SA Tucumán;Reconquista;industrial_otro;empresa sin sector identificable
Golden Peanut And Tree Nuts S.A.;Alejandro Roca;industrial_otro;empresa sin sector identificable
