razon_social;localidad;dominio_email
Ferracuti Nestor Y Ferracuti Sebastian M;Pujato;
Ferrando Marcelo Gustavo Y Ferrando Luis Rogelio;Chacabuco;
Ferrando Y Ferrando S.R.L.;San Francisco;
Ferredel Srl;Juan Jose Castelli;
Ferrer S A;Calchaqui;
Fercam S.A.;Rosario Norte;
Canela Fina Srl;Rosario Norte;
Fernando Canut E Hijos S. R. L.;Rosario Sud;
Fernando Luis Cano Y Marcelo Antonio Cano Sociedad Simple;Rosario Sud;
Fernando Rueda;Rosario de Lerma;
Calcaterra Hermanos S.R.L.;Miramar;
Calcula Tu Costo S.A.S.;Rosario Norte;
California S.R.L.;San Justo;
Calingasta Minerales S R L;Barrio Rawson;
Felix Gomez Y Cia S R L;Rosario Norte;
Fenicia Empresa Hotelera S R L;Pergamino;
Fenix Servicios Generales S.R.L.;Rosario Sud;
CRISTOFARO JUAN CARLOS;VILLA CAÑAS;
CRAVERO DANIEL CECILIO;SANTA ROSA DE RIO PRIMERO;
Fernandez Alvarez S.A.;Rosario Sud;
Agroseis Srl;Metan;
Agrotecnica Comercial S.R.L.;Nogoya;
Agrotorresi Sa;Casilda;
Agrotres S.A .;Rosario Norte;
Cachau Marcos Oscar E Ignacio Maria Pascuala Sociedad De Hecho;America;
Cachero Y Kozuch Ingenieros Civiles S A;Rosario Norte;
Caelbi Sa;Rosario Sud;
Cafe Sarmiento Sociedad De Responsabilidad Limitada;Casilda;
Calafate S.R.L.;Rosario Norte;
CURIA SILVANA;SAN MARCOS SUD;
CURRIDOR NICOLAS;ROSARIO;
CYMCO SRL;CORDOBA;
Ferreteria El Molino Srl;Resistencia;
Ca Vi Ra Ma Sociedad De Responsabilidad Limitada;Libertador General San Martin;
Cabaña Y Estancia Santa Rosa S A;Franck;
Cables De Acero S.R.L.;Barrio General Bustos *;
Fast Food Sudamericana S A;Martinez;
Fastport S.A.S.;Malagueño;
Fecma S.A.;Alvear;
Federacion De Golf Del Sur Del Litoral;Rosario Norte;
Federagro Firmat Sa;Elortondo;
Falcinelli Guillermo Jose Y Cipolloni Jorge Omar;Pampa Del Infierno;
Falcone Bodetto S A;Rosario Norte;
Farallon S. A. S.;Salta;
Faros Ausili S R L;Rosario Sud;
Ca Pe Cav S A;Rio Segundo;
Sol Rosario Silva;San Pedro;
Solcort S.R.L.;Rosario Norte;
Alcala Servicios S.R.L.;San Lorenzo;
Alcides E Phisalix S.A.;San Carlos Centro;
Sitap Srl;Villa Gobernador Galvez;
Sivere Servicios S.R.L.;Obera;
Smab S A;Villa Diego;
Sociedad Anonima La Sibila;Nogoya;
Albala Omar Y Albala Maximiliano;Rosario Sud;
Albe Agropecuaria Srl;Granadero Baigorria;
Albert Irons Srl;Venado Tuerto;
Albertengo Agropecuaria S.A.;Rosario Norte;
Fideicomiso De Operadores De Franquicias;Mendoza Ciudad;
Alberto Morra S.A.;San Jorge;
Alburquerque S.R.L;San Miguel De Tucuman;
Foix Daniel Foix Gabriel Diego;Rosario Sud;
Food Corner S A;Rosario Norte;
Forja Sil-Car S.R.L;Gregorio De Laferrere;
Formella S.A.;Rosario Sud;
Forneris S.R.L.;Rosario Sud;
Flexiglass S R L;Villa Gobernador Galvez;
Flexio S. A.;Perez;
Flexocolor S A;Rosario Sud;
Flic Panificados S.A.;Pergamino;
Florencio Antelo Servicios De Insumos Liquidos S.A. (F.A.S.I.L.S.A.);Rosario Sud;
Albertengo Hermanos Sociedad Simple;Cañada De Gomez;
Fideicomiso Dm 52;Rosario Sud;
Fideicomiso Francis I;Rosario Norte;
Fideicomiso Maui Puerto Rosario;Rosario Norte;
Fideicomiso Sol De Funes;Rosario Sud;
Fideicomiso Tata;Rosario Norte;
Fijar Soluciones S.R.L.;Rosario;
Finca La Larga S.A.;Santa Rosa Del Conlara;
Fersantito S. A.;Pergamino;
Fexa S R L;Rosario Sud;
Fibras S R L;Presidencia Roque Saenz Peña;
Fideicomiso Agropecuario Peyrano;Corral De Bustos;
Fideicomiso Baid Iv - Entre Rios 451;Rosario Sud;
Sol Del Rio S.R.L.;Salto;
Fideicomiso De Administracion Nautico;Rosario Norte;
Solido S.A.;Pergamino;
Soliva Srl;Cruz Del Eje;
Solsider Srl;Casilda;
Soluciones Constructivas S A;Godoy Cruz;
Agropecuaria San Juan S R L;Rosario Norte;
Agropecuaria San Justo Srl;San Justo;
Agropecuaria Santa Maria Srl;Pilar;
Sociedad De Bomberos Voluntarios De Santa Lucia;Santa Lucia;
Sociedad Hotelera Villa Maria S.A.;Villa Maria;
Socoma Sociedad Anonima;Rojas;
Soda Sergio de Gregori Esteban;Rosario Sud;
Fideicomiso De Administracion Del Area Tecnologica Nodo Rosario ( Atnr);Rosario Norte;
Agrofidi Comercial S.R.L.;Rosario Norte;
Agrofum Sa;Quilmes;
Agrolatina Srl;Casilda;
Agroley S.A.;Marcos Juarez;
Agronorte Srl;San Justo;
TASSI IVAN DARIO;VILLA ESQUIU;
Agro-Biciuffa S.R.L.;Charata;
Agroaccion S.R.L.;Rosario Norte;
Agrocereales Don Fernando S R L;Puerto General San Martin;
Agroclasic S.R.L.;San Miguel De Tucuman;
TANTANTO S.A;BELL VILLE;
TARICCO HERNAN Y LISANDRO;PASCANAS;
Agroriesma S R L;Arroyo Seco;
TALLER MET MARIANO SAULLE SRL;CORDOBA;
FRATELLI RISSO S.A.S.;VILLA ALLENDEHIPOLITO YRIGOYEN 231;
FRATTER GUSTAVO ARIEL;LAGUNA LARGA;
FREAN SRLFREAN SRL;LAS VARILLAS;
FOTTORELLI JAVIER;MARCOS JUAREZ;
FOX.BAY S.A.S;POZO DEL MOLLE -D;
FRANCESCHINI DAMIAN Y MARTIN;ARTEAGA;
Canteras San Agustin Srl;Barrio Coronel Olmedo;
Cantesur S A;Rosario Norte;
Cantoni Guillermo C., Cantoni Nestor H, Cantoni Alberto P.;Peyrano;
Canut Hnos Sociedad De Responsabilidad Limitada;Rosario Norte;
Capni Sh De Asplindh A N Gonzalez G B Nicolas E E Y Capdevila J E;Ituzaingo;
TARULLI ARIEL;MARCOS JUAREZ;
Cantera Los Zarates S.A.S.;San Fernando Del Valle De Catamarca;
Canteras Del Parana S.A.;Ramallo;
Canteras Diquecito Sociedad Anonima;La Calera;
Canteras Pietracor S R L;Ciudad De Cordoba Norte;
Calviño, Liliana A. Y Pelagagge, Anibal M. (S.H.);Acebal;
Calzim S.A.;Arroyo Seco;
Camara De Centros De Inspeccion Vehicular;Rosario Norte;
Camarotti Javier Jorge Y Camarotti Rodri Go Martin;Casilda;
Camavi Agropecuaria Srl;Herrera;
Camila Lagos;Villa Maza;
Caminos De Las Sierras S. A.;Malagueño;
Cammmertoni Vanesa;JUSTINIANO POSSE;
Agroferreteria Eduardo S R L;Gobernador Roca;
FOCO SOÑIA NELA;ALICIA;
FOGLIATTI MARTIN;POZO DEL MOLLE -D;
FONTAN FEDERICO;BELL VILLEBRASIL 226;
TAUZY LISANDRO;JUSTINIANO POSSE;
Agropecuaria 2000 Srl;Timbues;
Agropecuaria Chipaco S.A.;San Nicolas;
Agropecuaria Don Juan S A;Rosario Sud;
Agropecuaria Don Sabino Sa;San Nicolas;
Agropecuaria Dos Hermanos Sociedad Anonima;Bragado;
Agropecuaria El Nogal S.R.L.;Carmen Del Sauce;
Agropecuaria La Esmeralda Srl;Zavalla;
Agroemprendimientos Siglo Xxi S A;Curupaity;
FONTAN GERARDO;BELL VILLE;
Fabriccini Eduardo Cristian Y Fabriccini Enzo Vicente;San Genaro;
FUMISCOR SA;CORDOBA;
FUENTES RAFAEL;CARRILOBO;
FULL FABRIL S.A.;BERROTARAN;
Steber S A;San Carlos Centro;
Step Srl;San Carlos De Bariloche;
Stern Motors S.A.;Rosario Norte;
Strade S.A.;Barrio Centro America;
Strupeni Y Cia S.R.L.;Alvarez;
Styropek S.A.;Vicente Lopez;
Aguas Santafesinas SA (Santa Fe);Santa Fe;
Aguila Dorada Bis Sa;San Javier;
Capobianco Gustavo Y Capobianco German S.H.;Pujato;
Special Commodity Srl;Rosario Norte;
Sscontrol Sa;Colonia Adela;
Ssonder S. R. L.;Granadero Baigorria;
Agua Monumento S.R.L.;Rosario Sud;
Agua Y Bombas S R L;Rosario Norte;
Agua Y Soda Srl;Funes;
Aguas Corletti Sociedad De Responsabilidad Limitada;Zarate;
Aguas De Corrientes Sa;Corrientes;
Aguas Del Sur Sociedad Anonima;Rosario Sud;
Agropetrolera Chajari Srl;Chajari;
Agropuerto San Lorenzo S.R.L.;San Lorenzo;
Agroquimica Alborada S R L;Piñero;
South Medical Srl;Rosario Norte;
Car-Pack S.R.L.;Rosario Sud;
T.S.M. Integral S.R.L.;Rosario Norte;
TAANA S.A;TRANSITO;
Surcan S.A.;Apostoles;
Surgas Sa;Rosario Norte;
Surtruck Sociedad Anonima;Ushuaia;
Sylwan S A;Rosario Sud;
Sucursal Las Varillas;LAS VARILLAS;
Sumaj Srl;Recreo;
Sun Aras Sociedad De Responsabilidad Limitada;Rosario Norte;
Supermercados Lagostena S A;San Nicolas;
Suppo Srl;Granadero Baigorria;
Fabio Emmanuel Santillan;Joaquin V. González;
Suba Rosario Clean S. R. L.;Rosario Norte;
Subproductos Ganaderos Rosario S A I C Y F;Villa Gobernador Galvez;
Sucata Sa;San Lorenzo;
Sucesores De Franzini Y Fleming S.A.;Salta;
Sucesores De Guillermo Marull;Rosario Norte;
Sucho S.A.;Carlos Pellegrini;
Fadeal Sa;San Luis;
Fadel Sa;Colon;
Fadisal S.R.L.;Villa Maria;
Faespo S.R.L.;Rosario Sud;
Failar Sociedad Anonima;Centeno;
FYME SA;LOS CONDORES;
Fabian Enrico S.R.L.;La Banda;
Suarezereal S A C I F I A;Chivilcoy;
spraitec;;
ritex;;
ramon alzo;;
raul enriq;;
raul enrique ricardo;;
repara maq;;
ricardo;;
ricardo mostrador;;
riche;;
rog;;
rogers al;;
rosca derecha;;
s;;
s.e.i.;;
sacerdote;;
salaberri miguel;;
salinera;;
san geronimo sud;;
sancgez y;;
sanchirulo;;
sandoval;;
schneider gonzalo;;
sebastian venado;;
seghett;;
DAINESSI EDUARDO E HIJOS;;
DAIVEZ MIGUEL ANGEL JAVIER;;
DALKIA ARGENTINA S.A.;;
DALOIA;;
DALUC S.A.;;
DAMPAS S.A.;;
DANIEL AMERICO ERGO;;
DANIEL FERNANDO TISSERA;;
luis;;
poleita;;
Cuisama Sa;;
D ESPOSITO S.R.L.;;
D UVA, DANIEL DARIO Y VALERI, WALTER OMA;;
D'ALESSANDRO MARINA DANIELA;;
D.V.C. SRL;;
DA SILVA HECTOR RUBEN;;
lUCI aNIBAL;;
la española;;
li;;
llupar;;
lroche;;
lucas moncada;;
lucenvill;;
