Razón Social;Nombre Fantasía;CUIT;Rubro;Localidad;Provincia;Web;Empleados;Contacto;Cargo;Email;Teléfono;Observaciones
Montajes del Sur SRL;Montajes del Sur;30-71234567-1;Montajes industriales;San Juan;San Juan;www.montajesdelsur.com.ar;35;martín gómez;Gerente General;ventas@montajesdelsur.com.ar;(0264) 422-1234;Obras para mineras, cotizamos en USD, 4 vendedores. Estamos buscando administrativo
Montajes del Sur S.R.L.;;;Montajes;San Juan;San Juan;montajesdelsur.com.ar;;;;;;
Tornería Precisión SA;Precisión;;Metalúrgica - tornería a pedido;Rosario;Santa Fe;precision.com.ar;18;Laura Paz;Dueña;laura.paz@precision.com.ar;0341 15 555-1234;
Distribuidora Técnica Norte;;;Distribuidora de insumos industriales;Salta;Salta;;60;;;distecnorte@gmail.com;0387 431-0000;fuerza de ventas en 3 provincias
Kiosco Don Pepe;;;Kiosco;CABA;CABA;;2;;;;;
Aceros Gigantes SA;;;Siderúrgica industrial;Campana;Buenos Aires;acerosgigantes.com;1200;;;;;usan SAP
RC Pisos Industriales;;;Pisos industriales;Mendoza;Mendoza;;;;;;;
Juan Pérez Instalaciones;;;Instalaciones eléctricas;Córdoba;Córdoba;;1;Juan Pérez;;juanperez@hotmail.com;0351 15 444-5555;unipersonal
Sistemas Gestión SA;;;Software de gestión;CABA;CABA;sgsa.com.ar;40;;;;;
