razon_social;decision;motivo
Establecimiento Metalurgico Metalgas S. R. L.;mantener;metalúrgica con tienda online, no es comercio minorista (pasada rápida q2)
TECNOQUIL S.R.L.;mantener;«Quilmes» es la localidad, no el grupo cervecero (pasada rápida q2)
PANEDILE ARGENTINA SA-CPC SA-CONCRET-NOR;descartar;UTE de constructoras grandes, no es una empresa (pasada rápida q2)
Ultrapetrol S A;descartar;grupo naviero grande controlado por fondo de inversión (pasada rápida q2)
Aceros Zapla S A;descartar;planta paralizada en 2026 y vendida a Metalnor (pasada rápida q2)
Agricultores Federados Argentinos BOMBAL;descartar;sucursal de cooperativa agropecuaria grande AFA (pasada rápida q2)
Seedmech Latinamerica S R L;descartar;integra el grupo Metos Latinoamérica, filial extranjera (pasada rápida q2)
Natalio Automotores S A;descartar;concesionaria de automóviles, consumidor final (pasada rápida q2)
Neumaticos Verona S R L;descartar;comercio de neumáticos a consumidor final (pasada rápida q2)
Repuestos Paramio Sociedad Simple;descartar;venta minorista de repuestos y neumáticos (pasada rápida q2)
Larrauri Neumaticos S A;descartar;venta y servicio de neumáticos, consumidor final (pasada rápida q2)
TECNOREPUESTOS S.R.L.;descartar;comercio de repuestos para automotor, minorista (pasada rápida q2)
Soda Cantoni S R L;descartar;reparto de soda a domicilio, consumidor final (pasada rápida q2)
