razon_social;localidad;web;rubro;categoria;contacto_nombre;contacto_cargo;contacto_email;contacto_telefono;empleados_aprox;alerta;nota;fuente_enriquecimiento
Montajes Inteco S.R.L.;Capitan Bermudez;;Montajes industriales y estructurales, cañerías y mantenimiento de equipos industriales pesados;B;Roberto Estrada;Socio gerente (BO Santa Fe 2007);;;;Decisor tomado de una fuente de 2007: confirmar si sigue a cargo (edicto más reciente del Boletín Oficial, prensa, web propia) y, si cambió, quién decide hoy.;Sin web propia. Dato del decisor viejo (constitución 2007): verificar vigencia. Domicilio Falucho 651 | rebúsqueda: Faltaba canal. Busqué directorios (solo volquetesargentina.com lista la dirección Falucho 651, Capitán Bermúdez, sin teléfono), redes (sin Facebook ni Instagram propios) y guías locales: ningún teléfono ni email publicado. Sin canal verificable.;https://www.santafe.gov.ar/boletinoficial/ver.php?seccion=11-07-2007contratos.htm | https://volquetesargentina.com/montajes-inteco-capitan-bermudez/
INGENIERIA Y PILOTES S.R.L.;;ingenieriaypilotes.com.ar;Pilotes excavados y obras civiles: puentes e instalaciones industriales;B;Pablo Ignacio Scarafia;Socio gerente (BO Santa Fe 2008);administracion@ingenieriaypilotes.com.ar;;38 (web propia);Decisor tomado de una fuente de 2008: confirmar si sigue a cargo (edicto más reciente del Boletín Oficial, prensa, web propia) y, si cambió, quién decide hoy.;Localidad hallada: Rosario (el domicilio varía entre fuentes). Cargos según Boletín Oficial de Santa Fe 2008: verificar vigencia. La web publica celulares 0341-15 para administración y área técnica: no incluidos. Otros mails de área en la web: tecnica@ingenieriaypilotes.com.ar y licitaciones@ingenieriaypilotes.com.ar. Fundada en 2002 y constituida como SRL en 2005;https://www.ingenieriaypilotes.com.ar/ | https://www.ingenieriaypilotes.com.ar/contacto | https://www.santafe.gob.ar/boletinoficial/ver.php?seccion=28-05-2008contratos.htm | https://trade.nosis.com/es/INGENIERIA-Y-PILOTES-SRL/30709284874/1/p
Ingenieria Gueiler S.R.L;Rosario Sud;;Ingeniería eléctrica, electrónica y mecánica para automatización de máquinas industriales e instalaciones eléctricas;B;Mariano Gueiler;Socio (BO Santa Fe 2008);;0341 481 8748;;Decisor tomado de una fuente de 2008: confirmar si sigue a cargo (edicto más reciente del Boletín Oficial, prensa, web propia) y, si cambió, quién decide hoy.;Sin web propia ni datos de contacto públicos hallados (solo ficha en empresasderosario.com). Domicilio en BO 2008: Entre Ríos 2978 Rosario. Contrato social del 25/01/2008. Cargo de gerente no confirmado. Verificar vigencia de los socios | rebúsqueda: Faltaba canal. Telefono fijo tomado de directorio (Empresas de Rosario - Entre Ríos 2978 Rosario - rubro automatizacion industrial coincide). La empresa no tiene web propia. Email no aparecio textual en 3 busquedas.;https://www.santafe.gob.ar/boletinoficial/ver.php?seccion=30-04-2008contratos.htm | https://empresasderosario.com/pagina/Ingenieria-Gueiler-SRL/ | https://www.cuitonline.com/detalle/20221750447/gueiler-mariano.html
Ingenieria Electrica S A;Rosario Norte;ing-electrica.com.ar;Distribuidor de materiales eléctricos industriales (Siemens, WEG, Fluke, Ledvance);B;Enrique Horacio Grassia;Director titular y presidente (BO Santa Fe 2009);ventas@ing-electrica.com.ar;0341 430-3095;;Decisor tomado de una fuente de 2009: confirmar si sigue a cargo (edicto más reciente del Boletín Oficial, prensa, web propia) y, si cambió, quién decide hoy.;Empresa familiar fundada en 1987, Callao 99 bis. Web tiene página de contacto (no leída, WebFetch bloqueado). Homónimo: Ingeniería Eléctrica S.R.L. (consultora, iesrl.com.ar), no confundir. Decisor no encontrado | rebúsqueda: Faltaban decisor y canal. Decisor: BO Santa Fe 21-12-2009 (dato viejo. D&B lo sigue listando como principal). Canal: teléfono y email de ventas publicados textualmente en la página de contacto de la empresa;https://www.ing-electrica.com.ar/ | https://ing-electrica.com.ar/contacto.php | https://www.cuitonline.com/detalle/30616459852/ingenieria-electrica-s-a.html | https://ar.linkedin.com/company/ingenieria-electrica-sa | https://www.santafe.gob.ar/boletinoficial/recursos/boletines/21-12-2009contratos.htm | https://www.dnb.com/business-directory/company-profiles.ingenieria_electrica_sa.05e280d966fa674bf95ad75f9aac79ac.html
Industrias Siveco S R L;Rosario Sud;sivecosrl.com.ar;Fabricación de recipientes a presión ASME VIII-I, tanques y pulmones, salas de gases medicinales y arenadoras;B;Paula Soledad Vera;Gerente (BO Santa Fe 2010);ventas@siveco.com.ar;0341 433-0001;;Decisor tomado de una fuente de 2010: confirmar si sigue a cargo (edicto más reciente del Boletín Oficial, prensa, web propia) y, si cambió, quién decide hoy.;Dato del decisor viejo (BO 2010), verificar cargo actual. Web actual sivecosrl.com.ar (la entrada decía siveco.com.ar, que sigue siendo dominio de los emails). Otros emails: compras@siveco.com.ar / administracion@siveco.com.ar. Tel alternativo 0341 431-4284. Sociedad de 1995;https://sivecosrl.com.ar/ | https://sivecosrl.com.ar/recipientes-sometidos-a-presion/ | https://www.santafe.gob.ar/boletinoficial/ver.php?seccion=06-12-2010contratos.htm | https://www.paginasamarillas.com.ar/fichas/industrias-siveco-srl_16233348
Tft Servicios De Ingenieria S R L;San Rafael;tftingenieria.com;Venta de materiales de construcción en seco (distribuidor Knauf) y servicios de ingeniería y obra;B;Fernando Daniel Garcia;Gerente (BO Mendoza 2012);;;;Decisor tomado de una fuente de 2012: confirmar si sigue a cargo (edicto más reciente del Boletín Oficial, prensa, web propia) y, si cambió, quién decide hoy.;Más de 20 años en el mercado. Decisor y canal no identificados | rebúsqueda: Faltaban decisor y canal. Decisor: edicto BO Mendoza 10-12-2012 de TFT Servicios de Ingeniería SRL con Fernando Daniel Garcia como gerente titular (dato viejo. en el edicto el objeto es ingeniería mecánica y el domicilio de Luján de Cuyo: confirmar que sigue a cargo del local de San Rafael). Canal: busqué web, Facebook e Instagram (@tftingenieria) y guías. solo aparece dirección Av. Mitre 550 San Rafael, sin teléfono ni email en texto indexado | revisada en revisión local 29-09, se mantiene: distribuidor de materiales técnicos: rubro distribuidoras del brief (alerta anterior: Revisar fit: perfil principalmente comercial/distribuidor de materiales, no fabricante);https://tftingenieria.com/ | https://www.facebook.com/tftingenieria/ | https://www.mendoza.gov.ar/wp-content/uploads/boletin.old/20121210-29283-edictos.pdf
Omicron Construcciones Y Montajes S R L;San Lorenzo;omicronsrl.com.ar;Servicios industriales: mantenimiento, ingeniería, construcción y montaje para petroleras, refinerías y químicas;B;José Antonio Villata;Socio gerente (Boletín Oficial Santa Fe 2012 - dato viejo);administracion@omicronsrl.com.ar;03476 225795;;Decisor tomado de una fuente de 2012: confirmar si sigue a cargo (edicto más reciente del Boletín Oficial, prensa, web propia) y, si cambió, quién decide hoy.;Socios gerentes según Boletín Oficial 2012: confirmar vigencia. | verificación local 28-09 (web y LinkedIn abiertos): email de la propia web | la portada de su web tiene spam de casinos inyectado (hackeada): no citarla | el contacto@omicron.srl.com.ar de su página de contacto usa un dominio que no existe;https://omicronsrl.com.ar/ | https://omicronsrl.com.ar/quienes-somos/ | http://omicronsrl.com.ar/trabajos/ | https://www.cylex.com.ar/pino-de-san-lorenzo/omicron-construcciones-y-montajes-s-r-l-11512684.html | https://omicronsrl.com.ar/contacto | https://omicronsrl.com.ar/quienes-somos/ | https://www.santafe.gov.ar/boletinoficial/recursos/boletines/13-02-2012contratos.html | https://omicronsrl.com.ar/trabajos/
METALURGICA GARMAZ SRL;Sanford;metalurgicagarmaz.com.ar;Metalmecánica a pedido: compuertas, estaciones de bombeo, tanques, cañerías, máquinas especiales, montaje industrial y venta de caños y tubos;B;Sebastián Garmaz;Socio gerente (BO Santa Fe 2012);administracion@metalurgicagarmaz.com.ar;(03464) 496561;;Decisor tomado de una fuente de 2012: confirmar si sigue a cargo (edicto más reciente del Boletín Oficial, prensa, web propia) y, si cambió, quién decide hoy.;Localidad tomada de la web (Ruta Nac. 33 km 726,5, Sanford). El edicto de cesión de cuotas nombra a los Garmaz pero no se confirmó que sea esta SRL ni el cargo de gerente | rebúsqueda: Faltaba decisor. BO Santa Fe 2012 designa gerente a Sebastián Garmaz, en BO 2022 cede 320 cuotas a Germán Garmaz (verificar si sigue como gerente). Miguel Ángel Peiretti que aparece en la misma edición es de otra sociedad, no cargar.;https://metalurgicagarmaz.com.ar/ | https://www.santafe.gob.ar/boletinoficial/ver.php?seccion=2022/2022-12-13contratos.html | https://www.santafe.gob.ar/boletinoficial/recursos/boletines/03-04-2012contratos.html
B Y T Metalurgica S.R.L.;Arroyo Seco;bytmetalurgica.com.ar;Taller metalúrgico: reparación de válvulas rotativas y transportadores a tornillo para la industria petrolera;B;Oscar Néstor Bolzani;Socio (BO Santa Fe 2014 - edicto de constitución, instrumento 02/08/2013);;(03402) 421-205;;Decisor tomado de una fuente de 2014: confirmar si sigue a cargo (edicto más reciente del Boletín Oficial, prensa, web propia) y, si cambió, quién decide hoy.;Constituida en 2013. Teléfono de directorio. La web no aparece indexada | rebúsqueda: Faltaba decisor. El edicto del BO Santa Fe del 04/04/2014 (sección contratos) publica la constitución de B Y T METALURGICA S.R.L. entre Oscar Néstor Bolzani y Juan Ignacio Tommei, ambos de Arroyo Seco (B y T = iniciales). El extracto no deja claro cuál de los dos es el socio gerente: conviene confirmarlo en el edicto antes de dirigir el borrador. Sin LinkedIn ni redes de la empresa.;https://www.argentino.com.ar/byt-metalurgica-F160FC10013D2 | https://miguiaargentina.com.ar/empresas/byt-metalurgica.html | https://www.cuitonline.com/detalle/30714576921/b-y-t-metalurgica-s.r.l.html | https://www.santafe.gob.ar/boletinoficial/recursos/boletines/04-04-2014contratos.html
Industria Del Litoral Srl;Rosario Norte;idlservicios.com.ar;Mantenimiento integral de equipos portuarios e industriales (grúas, autoelevadores, pórticos), automatización e hidráulica;B;Guillermo Darío Giordani;Socio gerente (BO Santa Fe 2014);giordani@idlservicios.com.ar;;;Decisor tomado de una fuente de 2014: confirmar si sigue a cargo (edicto más reciente del Boletín Oficial, prensa, web propia) y, si cambió, quién decide hoy.;Opera como IDL Servicios. Email publicado en la página de contacto de su web (apellido, sin nombre ni cargo). Domicilios: Magallanes 502 (Cylex) y Tucumán 6653 (web). Sin teléfono publicado en los resultados | rebúsqueda: Confirmado por Boletín Oficial de Santa Fe: constituida en 2012 con dos socios (Hernán Huerta y Guillermo Darío Giordani), en 2014 Huerta renunció y Giordani quedó ratificado como socio gerente único. Coincide con el email ya cargado (giordani@idlservicios.com.ar);https://www.idlservicios.com.ar/ | https://www.idlservicios.com.ar/contacto | https://www.cylex.com.ar/rosario/industria-del-litoral-s-r-l--11335580.html | https://w20argentina.com/empresa/industria-del-litoral-srl-30712473750 | https://www.santafe.gob.ar/boletinoficial/ver.php?seccion=30-05-2014contratos.html
Metalbo S.R.L.;Rosario Sud;metalbo.com.ar;Fabricación de puertas y cerramientos vidriados para refrigeración comercial;B;Pascual Bocale;Socio gerente (Punto Biz 2015);ventas@metalbo.com.ar;+54 341 5283630 / WhatsApp +54 9 341 7439300;unos 200 (Punto Biz 2015);Decisor tomado de una fuente de 2015: confirmar si sigue a cargo (edicto más reciente del Boletín Oficial, prensa, web propia) y, si cambió, quién decide hoy.;Empresa familiar iniciada en 1990. En 2016 (Rosario Noticias) proyectaba mudanza para duplicar su capacidad y producía 1100 puertas por semana con 100 a exportación. Exporta a Brasil Chile Colombia Panamá Perú República Dominicana Uruguay y Venezuela según prensa. La web da Av. Uriburu 7403 y la prensa plantas en Ovidio Lagos 6858 y 7208 | revisada en revisión de alertas 29-09 (2), se mantiene: Fabricante con planta propia que vende a fabricantes de equipos de refrigeración (Briket, Bambi, Gafa) y exporta: unos 200 empleados en 2015 según Punto Biz y más de 100 en 2016 según Rosario Noticias, es decir dentro del tope de 250 aunque cerca (alerta anterior: Tamaño cerca del tope: una fuente de prensa habla de unos 200 empleados (año sin verificar) y en 2016 tenía más de 100: revisar contra el límite de 250) | Se agrega a Pascual Bocale como socio gerente (hermano de Miguel Bocale, ya cargado como socio) por el mismo artículo de 2015: los datos de cargo son de ese año, confirmar quién decide hoy. El dato de 200 empleados tiene 11 años y la empresa proyectaba duplicar su producción, así que puede haber crecido: pedir el rango de empleados en LinkedIn a la sesión principal antes de invertir en la cuenta (si aparece 201-500 se descarta). Cuidado al hablar de clientes: sus compradores son fabricantes de equipos y no comercios.;https://metalbo.com.ar/ | https://www.rosarionoticias.gob.ar/page/noticias/id/47116/title/Producci%C3%B3n-municipal-acompa%C3%B1a-la-expansi%C3%B3n-de-la-empresa-Metalbo | https://puntobiz.com.ar/economia/2015-7-31-5-0-0-metalbo-proyecta-mudanza-para-duplicar-su-produccion | https://www.acrlatinoamerica.com/directorio-de-proveedores/244429-metalbo-srl.html | https://puntobiz.com.ar/economia/2015-7-31-5-0-0-metalbo-proyecta-mudanza-para-duplicar-su-produccion | https://www.rosarionoticias.gob.ar/page/noticias/id/47116/title/Producci%C3%B3n-municipal-acompa%C3%B1a-la-expansi%C3%B3n-de-la-empresa-Metalbo | https://metalbo.com.ar/
J L Electromecanica S.R.L.;La Rioja;;Instalación, ejecución y mantenimiento de instalaciones eléctricas, electromecánicas y electrónicas (según directorios, sin web propia);B;José Luis Rodríguez;Socio (prensa local 2016 - también gerente de distribución de EDELaR en esa fecha);;;;Decisor tomado de una fuente de 2016: confirmar si sigue a cargo (edicto más reciente del Boletín Oficial, prensa, web propia) y, si cambió, quién decide hoy.;Sin web: poco digitalizada. Datos de socios de 2016. Solo apareció un teléfono de directorio (3822 450168). | rebúsqueda: Faltaba canal. Solo aparece en directorios (Tuugo, Nosis, Cuit Online) con domicilio Quito 58 PB, Barrio Panamericano, La Rioja. Tuugo publica el número 3822450168, pero el formato no corresponde a una línea fija de La Rioja (código de área 380 más 4xxxxxx) y parece un celular con característica mal cargada: no lo cargo. Sin email ni redes de la empresa.;https://www.tuugo.com.ar/Companies/j-l-electromecanica/0040003075664 | https://www.cuitonline.com/detalle/30709622192/j-l-electromecanica-s.r.l.html | https://riojapolitica.wordpress.com/2016/03/31/gerente-de-edelar-sa-es-el-dueno-de-j-l-electromecanica-srl/ | https://riojapolitica.wordpress.com/2016/03/31/gerente-de-edelar-sa-es-el-dueno-de-j-l-electromecanica-srl/ | https://www.cuitonline.com/detalle/30709622192/j-l-electromecanica-s.r.l.html
Industrias Erca S A;Armstrong;erca.com.ar;Fabricante de sembradoras y maquinaria agrícola;B;Marcela Silvi;Directora (Maquinac 2016 / Agrofy News);info@erca.com.ar;(03471) 490460;160 (Agrofy News);Decisor tomado de una fuente de 2016: confirmar si sigue a cargo (edicto más reciente del Boletín Oficial, prensa, web propia) y, si cambió, quién decide hoy.;Red de más de 110 concesionarios y 19 centros de servicio. Tel alternativos 490171 / 490461 / 490462 | revisada en revisión local 29-09, se mantiene: unos 160 empleados, debajo del tope de ~250 (alerta anterior: Revisar tamaño: unos 160 empleados, PyME mediana-grande);https://www.erca.com.ar/contacto/ | https://maquinac.com/2016/11/marcela-silvi-dirigir-erca-no-es-un-peso-es-una-pasion/ | https://news.agrofy.com.ar/noticia/157026/erca-semilla-que-germino-armstrong | https://www.cadena3.com/noticia/empresas-con-historia/la-historia-de-erca-el-sastre-de-las-sembradoras-en-la-argentina_400335
Mangialardi Hermanos Vial Constructora S.R.L.;Rosario Norte;mangialardi.com.ar;Construcción y obras civiles y viales (movimiento de suelos, estructuras de hormigón, impermeabilización y alquiler de maquinaria vial);B;Francisco Mangialardi;Socio (BO Santa Fe 2016);;;;Decisor tomado de una fuente de 2016: confirmar si sigue a cargo (edicto más reciente del Boletín Oficial, prensa, web propia) y, si cambió, quién decide hoy.;Socios según edicto del BO Santa Fe del 23-06-2016 (contrato del 13-05-2016) | la web mangialardi.com.ar coincide en nombre, ciudad y rubro pero no se confirmó textualmente que sea de esta SRL | no se encontró email ni teléfono | sin datos de empleados | rebúsqueda: Faltaba canal. Se buscó teléfono y email en directorios (infobel, dateas, cuitonline), padrón de empresas santafesinas, redes y BO sin hallar teléfono ni email publicado textual (el sitio propio no es legible por WebSearch). Solo consta domicilio Rioja 1778 piso 7 Rosario (BO Santa Fe 2016). | revisada en decisión del usuario 29-09, se mantiene: el usuario decidió el 29-09 que las constructoras entran (cotizan por proyecto y certifican avance) (alerta anterior: Rubro obra civil y vial y no fabricación (revisar encaje));https://www.santafe.gov.ar/boletinoficial/recursos/boletines/23-06-2016contratos.html | https://mangialardi.com.ar/ | https://www.cuitonline.com/detalle/30715356534/mangialardi-hermanos-vial-constructora-s.r.l.html
A&M Montajes Industriales S.R.L.;Villa Gobernador Galvez;;Montajes industriales, andamios, chimeneas y hornos industriales y mantenimiento electromecánico;B;Malvina Soledad Márquez;Socia gerente (BO Santa Fe 14-12-2017);;0341 374-4500;;Decisor tomado de una fuente de 2017: confirmar si sigue a cargo (edicto más reciente del Boletín Oficial, prensa, web propia) y, si cambió, quién decide hoy.;Sin web propia confirmada (aparece en gaspetroleomineriavgg.com.ar y en Ariba). Teléfono de directorio. Direcciones Río Paraná 376 y Colón 1072 según fuente. BO Santa Fe 2017 describe objeto social pero no se leyeron nombres de socios gerentes | rebúsqueda: Decisor: edicto en Boletín Oficial de Santa Fe del 14/12/2017 (contratos): socios Márquez Malvina Soledad y Santamaría Leonardo Ángel (50 cuotas cada uno), administración a cargo de ambos socios, Márquez designada gerente. Domicilio del edicto Colón 1072, VGG. Dato de 2017, puede haber cambiado.;https://www.cuitonline.com/detalle/30710413084/a-m-montajes-industriales-s.r.l.html | https://gaspetroleomineriavgg.com.ar/2023/10/29/am-montajes-industriales/ | https://www.santafe.gov.ar/boletinoficial/recursos/boletines/14-12-2017contratos.html | https://www.santafe.gov.ar/boletinoficial/ver.php?seccion=14-12-2017contratos.html
N B Construcciones S.A.;Rosario Sud;nbconstrucciones.com.ar;Empresa constructora (desarrollos inmobiliarios, comerciales e industriales);B;Gustavo Ariel Bled;Fundador y director / presidente (LinkedIn, vicepresidente en BO Santa Fe 2017);info@nbconstrucciones.com.ar;(0341) 430-1202 / 435-5033;70-80 (Dunsguide);Decisor tomado de una fuente de 2017: confirmar si sigue a cargo (edicto más reciente del Boletín Oficial, prensa, web propia) y, si cambió, quién decide hoy.;Miembro de Bled Group. Alianza de 20 años con BEI Desarrollos | revisada en decisión del usuario 29-09, se mantiene: el usuario decidió el 29-09 que las constructoras entran, también las de edificios (alerta anterior: Revisar: rubro construcción de edificios residenciales (no industrial) y estimación de 70-80 empleados de Dunsguide sin confirmar);https://nbconstrucciones.com.ar/contacto/ | https://ar.linkedin.com/in/gustavo-bled-9a20091b8 | https://www.santafe.gov.ar/boletinoficial/recursos/boletines/30-10-2017contratos.html | https://eloccidental.com.ar/negocios/27/07/2024/bei-desarrollos-celebra-25-anos-y-nb-construcciones-renueva-su-apuesta-por-funes/ | https://www.dunsguide.com/es/company/474d62885e8c20b02fc205899fc062dd/n-b-construcciones-sa
Servicios Industriales Metallfeld Sas;Rosario Norte;metallfeld.com;Fabricación de estructuras metálicas, tanques y servicios metalúrgicos industriales;B;Lucas Alejandro Loyola;Administrador titular (BO Santa Fe 2018);simetallfeld.adm@gmail.com;(0341) 468-3390;;Decisor tomado de una fuente de 2018: confirmar si sigue a cargo (edicto más reciente del Boletín Oficial, prensa, web propia) y, si cambió, quién decide hoy.;Administradores según edicto de constitución 2018 (dato viejo, confirmar vigencia). Email y teléfono tomados de directorio Guía de Mantenimiento Industrial, no de la web propia. Matías Casajus figura en LinkedIn en la empresa sin cargo claro;https://www.santafe.gob.ar/boletinoficial/ver.php?seccion=02-10-2018contratos.html | https://guiademantenimiento.com/servicios-industriales-metallfeld-sas | https://www.cuitonline.com/detalle/30716348314/servicios-industriales-metallfeld-sas.html | https://www.facebook.com/metallfeld/ | https://www.linkedin.com/in/matias-casajus-aa8a26210/
Conkreto Construcciones S.R.L.;Rosario Sud;;Construcción, refacción y reparación de edificios residenciales (contrapisos, revoque proyectado);B;Lorena María de Luján Ricardi;Socia gerente (BO Santa Fe 2018);;0341 431-2455;30 (Nosis);Decisor tomado de una fuente de 2018: confirmar si sigue a cargo (edicto más reciente del Boletín Oficial, prensa, web propia) y, si cambió, quién decide hoy.;Sin contacto personal verificado en fuentes públicas | rebúsqueda: Decisor tomado del BO Santa Fe del 21-03-2018 (aumento de capital) - solo nombre y cargo - dato de 2018 que puede haber cambiado. Teléfono fijo de Rosario tomado de guías comerciales (Bv. 27 de Febrero 4156) - no es teléfono de la web de la empresa (no tiene web). No apareció email publicado textual.;https://trade.nosis.com/es/CONKRETO-CONSTRUCCIONES-SRL/33710464109/1/p | https://www.facebook.com/ConkretoConstrucciones/ | https://www.cuitonline.com/detalle/33710464109/conkreto-construcciones-s.r.l.html | https://www.santafe.gov.ar/boletinoficial/verPdf.php?seccion=21-03-2018contratos.html | https://www.argentino.com.ar/conkreto-construcciones-F120DC80F1AD843 | https://miguiaargentina.com.ar/empresas/conkreto-construcciones-srl.html
Vdc Construcciones Sas;Rosario Norte;vdcconstrucciones.com;Obras civiles e industriales, tableros de control y potencia, instalaciones electromecánicas y mantenimiento;B;Gustavo Adolfo Vaz Diniz do Couto;Socio constituyente (BO Santa Fe 2018);carolina@vdcconstrucciones.com;;;Decisor tomado de una fuente de 2018: confirmar si sigue a cargo (edicto más reciente del Boletín Oficial, prensa, web propia) y, si cambió, quién decide hoy.;Email y celular publicados en directorios (w20argentina / CUIT Online), no confirmados en la web, se omite el celular. Constituida el 5/11/2018 | revisada en revisión de alertas 29-09, se mantiene: La web propia ofrece mantenimiento y proyectos industriales a empresas (tableros de control y potencia, montaje electromecánico, obras civiles industriales, reparación de motores y variadores) con el lema «Concéntrese en el negocio»: el foco es industrial y las remodelaciones del Instagram son secundarias (alerta anterior: Revisar: el Instagram muestra remodelaciones y ampliaciones (posible mezcla con consumidor final)) | El email carolina@ figura textual en la web propia (la entrada decía no confirmado en la web) y también administracion@vdcconstrucciones.com: es solo un nombre de pila sin apellido ni cargo. La web publica además un celular (+54 9 341 4612261) que no se carga. Decisor solo por el BO 2018: Gustavo Adolfo Vaz Diniz do Couto socio constituyente (dato viejo, la web no nombra dueño). El nombre del perfil de Instagram (@vdc_construcciones) dice remodelaciones y ampliaciones: al escribir hablar de mantenimiento industrial y tableros y no de obras para particulares. Empleados no publicados.;http://vdcconstrucciones.com/ | https://ar.vlex.com/vid/estatuto-756101413 | https://www.cuitonline.com/detalle/33716344679/vdc-construcciones-sas.html | https://w20argentina.com/empresa/vdc-construcciones-sas-33716344679 | https://www.instagram.com/vdc_construcciones/ | http://vdcconstrucciones.com/ | https://ar.vlex.com/vid/estatuto-756101413 | https://www.instagram.com/vdc_construcciones/
