razon_social;decision;motivo;empleados;contacto_nombre;contacto_cargo;contacto_email;contacto_telefono;nota;fuente
Motor Maq Insumos Industriales Srl;mantener;Sin fuente más nueva, queda el decisor de 2007. Sigue activa: web propia con catálogo de motores eléctricos y variadores (dice que provee insumos industriales desde 1974).;;;;;;El edicto de 2007 es de Motor Maq S.R.L. (otra CUIT) y no de la razón social actual: confirmar al hablar quién decide. La web no nombra dueños ni equipo. Una guía lista el comercio como Zamponi Omar E. (Motormaq) sin fecha.;https://www.motormaq.com.ar/ | https://www.argentino.com.ar/zamponi-omar-e-motormaq-F1407C40F18 | https://www.cuitonline.com/detalle/30714339520/motor-maq-insumos-industriales-srl.html
L & L Construcciones S.R.L.;dudoso;No se puede confirmar que la S.R.L. siga activa: no hay edicto posterior a 2007 ni dato que una la web llconstrucciones.com con la sociedad. Sin fuente más nueva, queda el decisor de 2007.;;;;;;El edicto de constitución (2007) da sede en el Parque Industrial Gran Rosario de Alvear y como socios a Diego Agustín Esnaola (socio gerente) y a Emiliano Medina (ingeniero). llconstrucciones.com (Rosario) publica obras civiles y casas sin razón social ni CUIT y podría ser homónimo. Falta un edicto reciente o el CUIT que una web y sociedad.;https://www.santafe.gob.ar/boletinoficial/ver.php?seccion=24-09-2007contratos.htm | https://llconstrucciones.com/
Respat S.R.L.;mantener;Sin fuente más nueva, queda el decisor de 2008. Sigue activa: web propia de soldadura calificada y montaje industrial.;;;;;;BO Santa Fe 20-05-2008: constituida el 18-01-2008 por Ricardo Roberto Rossi y Vanina Elisabet Canoniga (50% cada uno). Un resultado de búsqueda sugiere una cesión de cuotas entre ambos en 2018 (BO 17-08-2018) pero esa página no la muestra: sin verificar. Confirmar al hablar quién decide.;https://www.santafe.gov.ar/boletinoficial/recursos/boletines/20-05-2008contratos.htm | https://www.soldadurasrespat.com.ar/
Acoplados Rurales S.A.;mantener;Sin fuente más nueva confirmada, queda el decisor de 2009. Sigue activa (nota de prensa de mayo de 2026 sobre su red comercial).;;;;;;Un edicto del BO Santa Fe del 30-06-2016 de una Acoplados Rurales S.A. con sede en Rosario nombra presidente a Leandro Francisco Gabbi y vicepresidente a Manuel Valido. No pude confirmar que sea la misma sociedad de Correa (en 2009 tenía otra sede en Rosario y los accionistas eran Jésica Alejandra Conese y Elizabet Graciela Arauz) ni leer la página completa del BO, por eso no se carga. Confirmar quién decide hoy en el primer contacto.;https://www.santafe.gob.ar/boletinoficial/ver.php?seccion=22-07-2009contratos.html | https://www.santafe.gov.ar/boletinoficial/recursos/boletines/30-06-2016contratos.html | https://campoparatodos.com.ar/2026/05/21/acoplados-conese-innovacion-trayectoria-y-una-red-que-impulsa-al-campo-argentino/
Buttigliero Y Stefani Construcciones Metalicas S R L;mantener;Sin fuente más nueva, queda el decisor de 2010. Sigue vigente: el BO Santa Fe del 23-10-2020 publica su prórroga de duración por 40 años desde 1985.;;;;;;El César Atilio Romano que la entrada mencionaba como posible socio gerente no es de esta sociedad: en esa misma edición del BO 2020 figura como socio gerente de Constructora Romano Hermanos S.R.L. (homónimo), no usarlo. La prórroga 2020 no trae socios ni gerentes. Socios de 2010: Pablo Ernesto Buttigliero y Miguel Ángel Stefani entre otros. Confirmar al hablar quién decide.;https://www.santafe.gob.ar/boletinoficial/ver.php?seccion=2020%2F2020-10-23contratos.html | https://www.santafe.gov.ar/boletinoficial/recursos/boletines/21-10-2010contratos.htm
Industrias Metalurgicas Case S.R.L.;mantener;El edicto de 2021 (modificación de contrato con aumento de capital y prórroga) sigue nombrando como socios a Vilchez y a Sergio Fabián Espinaroli: sociedad vigente.;;Carlos Alberto Vilchez;Socio (BO Santa Fe 2021);;;El edicto no designa gerentes ni indica cuál de los dos socios ejerce la gerencia: confirmar al hablar quién decide. La página de empresa de la web no se pudo abrir (error de certificado).;https://www.santafe.gob.ar/boletinoficial/ver.php?seccion=2021/2021-07-23contratos.html | http://industriacase.com/
Metalurgica Bauducco S.R.L.;dudoso;Sin fuente más nueva, queda el decisor de 2012, y no hay evidencia fechada de actividad reciente: solo la constitución de 2012, guías y una página de Facebook.;;;;;;Socios según el BO 04-10-2012 (contrato del 26-06-2012): Leonardo David Bauducco, Oscar Florencio Delfino Bauducco, Nidia Susana Lenti y Nerina Albana Bauducco. No confundir con Bauducco S.A. ni con Máximo Bauducco S.A.C.I.F. e I. (otras empresas). Si se decide contactarla, mirar en Facebook si publica actividad reciente.;https://www.santafe.gob.ar/boletinoficial/ver.php?seccion=04-10-2012contratos.html | https://www.facebook.com/people/Metal%C3%BArgica-Bauducco-SRL/100067833871241/ | https://www.cuitonline.com/detalle/30712493034/metalurgica-bauducco-s.r.l.html
Metalurgica Miranda Srl;dudoso;No se puede confirmar que Metalúrgica Miranda S.R.L. siga activa: en el BO Santa Fe 12-01-2026 aparece Miranda Servicios Metalúrgicos S.R.L. (Arteaga, constituida el 19-11-2025) con Daniel Alberto Miranda y Josefina Bustos como socios gerentes y sin mención de sucesión ni vínculo con la anterior.;;;;;;El nombre coincide con el Daniel Miranda del edicto de 2012 pero la sociedad de 2026 es otra persona jurídica (objeto: estructuras metálicas, cañerías, galpones, sistemas de movimiento de granos y maquinaria agrícola e industrial). Sociedad nueva y probablemente micro. Sin web, teléfono ni email públicos. Hay otra Metalúrgica Miranda en Godoy Cruz (Mendoza) que no es esta.;https://www.santafe.gob.ar/boletinoficial/ver.php?seccion=2026%2F2026-01-12contratos.html | https://www.santafe.gov.ar/boletinoficial/recursos/boletines/25-07-2012contratos.html
Industrias Quimicas Carfos Srl;mantener;Sin fuente más nueva, queda el decisor de 2013. Sigue activa: web propia y ficha en Portal Industrial.;;;;;;El BO Santa Fe 19-03-2013 confirma que Gonzalo Pablo Zolkiewski reemplazó a José Gregorio Zolkiewski como socio gerente por tiempo indeterminado. La entrada ya cita su perfil de LinkedIn como Socio Gerente: no lo abrí, confirmar en LinkedIn. No se hallaron edictos posteriores.;https://www.santafe.gov.ar/boletinoficial/recursos/boletines/19-03-2013contratos.html | http://www.carfos.com.ar/
Chiaza Servicios Industriales S.R.L.;mantener;Sigue activa (proveedora minera y socia de la Cámara de Comercio de San Lorenzo) y el decisor de la entrada no figura en su edicto: Roberto Daniel Brusco aparece en esa edición del BO como socio gerente de otra sociedad (Tech Sea S.R.L.).;;Gabriel Alejandro Aquino;Socio gerente (indicadores.ar sobre BO Santa Fe, año sin precisar);;;Socios en el BO 07-03-2014 (cesión de cuotas y prórroga) y 24-04-2015 (aumento de capital): Vicente Jorge Aquino, Mariano Javier Aquino, Gabriel Alejandro Aquino, Fernando Luis Martínez y Ricardo Gonzalo Ríos. Ninguno de los dos edictos designa gerente: el cargo de Gabriel Aquino sale de un resumen de indicadores.ar sin fecha, así que confirmar al hablar quién decide hoy. No usar a Brusco.;https://www.santafe.gov.ar/boletinoficial/ver.php?seccion=07-03-2014contratos.html | https://www.santafe.gov.ar/boletinoficial/ver.php?seccion=14-05-2015contratos.html | https://indicadores.ar/empresa/30708719753
CM REPRESENTACIONES;mantener;Sin fuente más nueva, queda el decisor de 2014. Sigue activa: web propia que declara actividad desde 2010.;;;;;;BO Santa Fe 19-02-2014: SRL constituida el 27-12-2013 con Carlos José Torrisi y Sergio Omar Colom como socios, sin indicar aquí quién es gerente. Busqué la sociedad en los BO del 04-01-2022 y 16-05-2017 sin encontrarla. Confirmar al hablar quién decide.;https://www.santafe.gov.ar/boletinoficial/recursos/boletines/19-02-2014contratos.html | https://cmrepresentaciones.com.ar/
Metalurgica Crivel S.C.;mantener;Sin fuente más nueva, queda el decisor de 2015 (Mario Robins, gerente comercial). Sigue vigente: el BO Santa Fe del 21-12-2021 publica aumento de capital y cambio de autoridades (asamblea del 28-10-2021).;;;;;;El edicto 2021 solo nombra a Roberto Eduardo Cristia como contador público (no como gerente): no cargarlo como decisor. Como hubo cambio de autoridades en 2021, pedir en el primer contacto quién decide hoy. Pista sin abrir: nota de la visita a Crivel de abril 2023 en aim-rosario.org.ar/es/noticias/visitas-empresas/crivel-2023-04. Los 80 empleados son de 2015.;https://www.indicadores.ar/empresa/30708205202 | https://www.enretail.com/2015/04/27/crivel-desde-rosario-derribando-fronteras/
Agrefert.Ar S.A;mantener;El BORA confirma como presidente a Norberto Héctor Muñoz, el mismo decisor de la entrada, en la asamblea de 2018.;;Norberto Héctor Muñoz;Presidente (BORA 2018);;;Directorio según el extracto del aviso del BORA (acta del 29-11-2018): vicepresidente Benjamín Ulysses Stähelin, director titular Laura Mariana Ortiz y director suplente Federico Nahuel Muñoz. La página del BORA no se pudo abrir (error de red), el dato sale del extracto del buscador: verificar. Sede legal en CABA y planta en Ramallo.;https://www.boletinoficial.gob.ar/pdf/linkQR/bWc1MmJoeE1NeXQreFpJZ1U0d1UwZz09 | https://agrefert.com/acerca-de-nosotros/
Ingeser Construcciones Srl;mantener;El BO Santa Fe (cesión de cuotas del 27-08-2021) confirma a Andrés Carlos Brunetto como gerente con la representación legal: mismo decisor de la entrada.;;Andrés Carlos Brunetto;Gerente (BO Santa Fe 2022, cesión de cuotas de 2021);;;En esa cesión Marcelo Andrés Monza vende sus cuotas a Brunetto y a Guillermo Capoulat (25 cuotas cada uno). Sede en Alvear. Sin web propia.;https://www.santafe.gov.ar/boletinoficial/ver.php?seccion=2022/2022-06-15contratos.html
Mem Ingenieria S.A.;mantener;El BO Santa Fe confirma a Maximiliano Andrés Marsengo como presidente en la asamblea del 21-05-2024 (designación por tres ejercicios): mismo decisor de la entrada.;;Maximiliano Andrés Marsengo;Presidente (BO Santa Fe 2024);;;Directorio 2024: vicepresidente Mariana Elisabeth Marsengo y director suplente Exequiel Alejandro Marsengo (empresa familiar). El buscador también muestra un perfil de LinkedIn titulado Presidente en MEM Ingeniería: confirmar en LinkedIn.;https://www.santafe.gob.ar/boletinoficial/ver.php?seccion=2024%2F2024-08-09contratos.html | https://ar.linkedin.com/in/maximiliano-marsengo-a288414a
S. R. Industria Metalurgica S. A.;mantener;Maquinac (17-03-2025) cita a Roque Zárate como presidente: mismo decisor de la entrada, con fuente de 2025.;;Roque Zárate;Presidente (Maquinac 2025);;;En la misma nota Alejandro Zárate figura como gerente de producción. La empresa fue fundada por Roque Zárate en 1990 en Colón (Buenos Aires).;https://maquinac.com/2025/03/sr-lanzo-la-incorporadora-frontal-max-de-18-metros-de-ancho/
Innovatech Industrias S.A.S.;mantener;Sin fuente más nueva, queda el decisor de 2017. Sigue activa: web propia con equipos en acero inoxidable y email del decisor publicado.;;;;;;Según el extracto del BORA de la constitución (07-11-2017) el administrador titular es Maximiliano Gabriel Lagos y Diego Gustavo Moiola es el suplente: el contacto cargado es el suplente, confirmar en el primer contacto quién decide. LinkedIn muestra a Moiola como Socio en Innovatech SAS (confirmar en LinkedIn). La página de Dateas dio 403 y no se pudo abrir. Sin datos de empleados.;http://innovatech-arg.com.ar/ | https://www.dateas.com/es/bora/2017/11/14/innovatech-industrias-sas-1097959 | https://www.linkedin.com/in/diego-moiola-6418676a/
Vm Metalurgica Srl;mantener;Sin fuente más nueva, queda el decisor de 2018. Sigue activa: tiene web, Facebook, Instagram y perfil de empresa en LinkedIn.;;;;;;BO Santa Fe 25-10-2018: constitución con contrato del 27-09-2018 y Osvaldo Alberto Mosich como socio gerente. No se hallaron edictos posteriores. La web metalvm.com.ar solo muestra el logo. No confundir con VGM Metalúrgica (otra empresa de Carcarañá).;https://www.santafe.gov.ar/boletinoficial/recursos/boletines/2018-10-25contratos.html | https://www.metalvm.com.ar/ | https://www.facebook.com/vm.metalurgica1/
Electro Constructora Srl;mantener;Sin fuente más nueva, queda el decisor de 2018. Sigue activa: web propia y ficha con obras en Construar.;;;;;;El BO Santa Fe 27-11-2018 refiere una cesión de cuotas del 30-06-2017 por la que Hernán Rubén Báez adquirió 300 cuotas (50% del capital). Otros edictos que devuelve el buscador nombran como socios a Andrea Paola Pieroni y Norberto Víctor Pieroni (sin fecha clara). No se hallaron edictos posteriores a 2018. Confirmar al hablar quién decide.;https://www.santafe.gob.ar/boletinoficial/ver.php?seccion=27-11-2018contratos.html | https://electroconstructorasrl.com.ar/ | https://www.construar.com.ar/empresas/electro-constructora-srl/
Pampa Maquinarias;mantener;Sin fuente más nueva, queda el decisor de 2018. Sigue activa: la web propia muestra a Leonardo R. Soto como Titular y ofrece máquinas laminadoras y servicio de mantenimiento.;;;;;;La web propia no tiene novedades posteriores al 24-10-2018 y no muestra razón social ni CUIT (no usar S.A. en borradores hasta verificar). Hay una Pampa Maquinarias SA de CABA (constituida en 2025) que no se pudo vincular con Zavalla.;https://pampamaquinarias.com.ar/ | https://pampamaquinarias.com.ar/contacto/
