Vulcamet S. A.;Luis Palacios;;vulcamet.com.ar
Fluvimar Reparaciones Navales S R L;Rosario Sud;;fluvimar.com.ar
Eco Aislacion Srl;Santo Tome;;
C.M. MAQUINARIAS S.R.L.;;;interya.net.ar
Basculas Magnino S.R.L.;Casilda;;basculasmagnino.com.ar
Jorge Pirro S R L;Inriville;;moledoraspirro.com.ar
Acropolis Cables Sa;Ezpeleta;;kalop.com.ar
Pilotes Carcaraña Sa.;Carcaraña;;pilotes.com.ar
Buloneria Mitre S R L;San Miguel De Tucuman;;
Valenti Maquinarias S.A.;9 De Julio;;valentimaquinarias.com.ar
Compañia De Hormigon Celular S.A.;Resistencia;;
Aceros Comeco S.A.;Rosario Sud;;
Bimetal S.R.L.;Rosario Sud;;
Ascensores Hidral S.R.L.;Rosario Sud;;
Rogiro Aceros S A;Rosario Sud;;
TALLER MET MARIANO SAULLE SRL;CORDOBA;Córdoba;
Repuestos Paramio Sociedad Simple;Chascomus;;
Oleohidraulica El Torito S. A.;Armstrong;;
Larrauri Neumaticos S A;Rosario Norte;;
Implementos Agricolas R.J.S. S. R. L.;Elisa;;
Metalbert S.R.L.;La Francia;;
Amuyen Rectificaciones S.A;General Pico;;
Gases Sudamericanos Sa;Alvear;;
Rosario Corrugados S R L;Rosario Sud;;
Electroservicios S.R.L.;Rosario Sud;;
METALELITE SRL;BARADERO;Buenos Aires;
Ulla Maquinarias S A;Oncativo;;
Frimetal S A;Rosario Sud;;
ESTRUCTURAS TR S.R.L.;LAGUNA LARGA;Córdoba;
Sercap Insumos Srl;;;
