razon_social;localidad;provincia;web;rubro;empleados;senales;alerta;fuente
TRANSPORTE DON MAURICIO S.R.L.;JUSTINIANO POSSE;Córdoba;;;;;no encontrada;
TELL HERMANOS SRL;CARLOS PELLEGRINI;Santa Fe;agrotell.com.ar;servicios agrícolas y cultivo de soja (Grupo Agrotell);11 (Nosis);;posible productor agropecuario o servicios agrícolas | dominio de entrada agrotrell.com.ar no coincide y el sitio hallado es agrotell.com.ar;https://www.agrotell.com.ar/ | https://www.cuitonline.com/detalle/30509981481/tell-hermanos-srl.html
CAPPONI DINO DOMINGO E HIJO;CRUZ ALTA;;;;;;no encontrada;
EDISUR S.A.;CORDOBA;Córdoba;grupoedisur.com.ar;desarrollos inmobiliarios (loteos, barrios y edificios) en Córdoba, proyecto Manantiales;;obras | proyectos;desarrolladora inmobiliaria, no es empresa industrial;https://www.grupoedisur.com.ar/ | https://www.grupoedisur.com.ar/quienes-somos-grupo-edisur/
BALANGIONE SRL;SAN FRANCISCO -DP;Córdoba;;vende repuestos y maquinaria agrícola (desde 1957);;;dominio de entrada balangione.com.ar no resuelve;https://empresasdecordoba.com/pagina/Balangione-SRL/ | https://www.cuitonline.com/detalle/30529381952/balangione-s-r-l.html | https://www.facebook.com/balangione/
LA SOFIA S.R.L.;SAIRA;Córdoba;;;;;no encontrada: solo figura en el registro CUIT sin actividad ni web;https://www.cuitonline.com/detalle/30510552950/la-sofia-s.r.l.html
Mendoagraria SRL;RODEO DEL MEDIO;Mendoza;;cultivo de hortalizas (bulbos, raíces y frutos);;;productor agropecuario | dominio de entrada hormail.com no es web propia;https://www.cuitonline.com/detalle/30715392174/mendoagraria-s.r.l.html
R. F. TRANSPORTE S.A;RECONQUISTA;Santa Fe;;transporte automotor de cargas;145 (Nosis estimado);;dominio de entrada credifinexpress.com.ar sin relación confirmada;https://trade.nosis.com/es/R-F-TRANSPORTE-SA/30708619953/1/p | https://w20argentina.com/empresa/r-f-transporte-sa-30708619953
GRUPO INBACOR S.A.;PUEBLO RIO TERCERO;Córdoba;inbacor.com.ar;procesa soja (expeller, aceite refinado y alimento balanceado) y acopia granos;13 (Nosis);;localidad difiere: planta y administración en Inriville y acopio en Los Surgentes, no figura Pueblo Río Tercero;https://inbacor.com.ar/ | https://trade.nosis.com/es/GRUPO-INBACOR-SA/30711155372/1/p
Risagro SRL.;PUEBLO ITALIANO;Córdoba;;;;;no encontrada;
Reciclados Palpala S.R.L.;Palpala;Jujuy;;centro de reciclaje de materiales en el Parque Industrial Alto La Torre;;;dominio de entrada recicladora.com.ar sin contenido;https://recicladores.com.ar/reciclados-palpala-srl/ | https://www.portal-industrial.com.ar/imprimir/reciclados-palpala-srl/40935/
Re. Y Se.Reparaciones Y Servicios Sociedad Anonima;Ramallo;Buenos Aires;reyse.com.ar;inspección, mantenimiento y venta de equipos de izaje (grúas puente, pórtico y pluma, hidrogrúas, autoelevadores);;mantenimiento;;https://www.reyse.com.ar | https://www.cuitonline.com/detalle/30710681917/re.-y-se.reparaciones-y-servicios-sociedad-anonima.html
Rba Transporte S.R.L.;Alderetes;Tucumán;;transporte de cargas (refrigeradas y pesadas) y depósito;;;web rbatransporte.com.ar sin respuesta (error 530) y no confirmada;https://www.cuitonline.com/detalle/33709943699/rba-transporte-s.r.l.html
Ramon Tuma Sociedad Anonima;San Ramon De La Nueva Oran;Salta;;productor citrícola (naranja, limón y lima);;exportación;productor agropecuario | dominio de entrada ramontumasa.com no resuelve;https://prosalta.org.ar/oferta/oferta-exportable/ramon-tuma/ | https://productoresymercados.com/cliente/ramon-tuma-sa/ | https://www.paginasamarillas.com.ar/fichas/ramon-tuma-sa-empresa-agropecuaria_15658587/
Quickfood S A;Munro;Buenos Aires;quickfoods-sa.com;alimentos (hamburguesas Paty y salchichas Vieníssima) del grupo Marfrig;539 (LinkedIn);;descarte: multinacional (grupo Marfrig) y más de 250 empleados;https://www.quickfoods-sa.com/ | https://marfrig.com.ar/es/marcas/quickfood | https://ar.linkedin.com/company/quickfood-sa---marfrig-group
Puerto San Martin Cereales S.A.;Puerto General San Martin;Santa Fe;psmcereales.com.ar;acopio y acondicionamiento de granos (secado, zarandeo, fumigación, silos por 20.000 t);;;;https://www.psmcereales.com.ar/ | https://psmcereales.com.ar/institucional.asp
Puerto Rivadavia S R L;Fray Luis Beltran;Santa Fe;puertorivadavia.com.ar;arenera: extracción y venta de arena y áridos, con servicios portuarios;;;;https://puertorivadavia.com.ar | https://www.cuitonline.com/detalle/30680455801/puerto-rivadavia-s-r-l.html
Puerto Femos S R L;Rosario Norte;Santa Fe;femos.com.ar;distribuidor oficial Gates de correas, mangueras y transmisión industrial y agrícola;;;;https://femos.com.ar/contacto/ | https://www.paginasamarillas.com.ar/fichas/puerto-femos-srl_14241143/
Verdu S A;Moron;;verdu.com.ar;obras de fabricación y montaje para la industria en general (más de 40 años);;montaje | obras;localidad no coincide: la planta figura en San Lorenzo (Santa Fe) y Morón no se verificó;https://verdu.com.ar/ | https://www.verdusa.com.ar/index.html
Rinaudo E Hijos S R L;Granadero Baigorria;Santa Fe;rinaudoehijos.com.ar;fabrica máquinas para elaborar pastas (mezcladoras, laminadoras, extrusoras);;exportación;;https://rinaudoehijos.com.ar/ | https://nodocios.com.ar/rinaudo-e-hijos-una-empresa-en-permanente-expansion-y-conocimiento-de-su-mercado/ | https://publitec.com/entrevista-a-lucas-rinaudo-nuestra-marca-es-nuestro-apellido/
Ricardo Almar E Hijos S A;Rojas;Buenos Aires;almar.com.ar;fabrica envases, bolsas y tejidos de polipropileno, polietileno, papel y aluminio;101-500 (EMIS);;posible más de 250 empleados | conflicto salarial en jun 2026 (sueldos impagos);https://www.almar.com.ar/ | https://www.chacabuconoticias.com.ar/2026/06/24/rojas-trabajadores-de-la-fabrica-ricardo-almar-e-hijos-protestan-para-cobrar-sus-salarios/ | https://www.emis.com/php/company-profile/AR/Ricardo_Almar_E_Hijos_SA_es_1107543.html
Retenes Sav S A;Rosario Sud;Santa Fe;retensav.com.ar;fabrica retenes industriales para agro, automotriz, amortiguadores y electrodomésticos;150 (web propia);;;https://retensav.com.ar/es/sobre-retenes-sav | https://www.portal-industrial.com.ar/imprimir/retenes-sav-sa/12845/
Wood S R L;Carcaraña;Santa Fe;woodsrl.com.ar;fabrica vigas, columnas y tableros de madera laminada de eucalipto y pino, y diseña y monta estructuras;;montaje | proyectos;;https://woodsrl.com.ar/ | https://woodsrl.com.ar/empresa/
Vs Oncativo S.A.;Oncativo;Córdoba;vsoncativo.com.ar;nutrición y sanidad animal para productores y venta de carnes y embutidos;;exportación;;https://vsoncativo.com.ar/ | https://www.exportadoresdecordoba.com/en/companies/vs-oncativo-sa-4893.html
Vientos Del Camino S.A.;Margarita;;;;;;no encontrada;
Vicente Trapani S.A.;Los Nogales;Tucumán;vicentetrapani.com;cultiva 1.800 ha de limón y lo procesa industrialmente (hasta 175.000 t por año);115 (beverage-world);exportación;integra cultivo propio con procesamiento: verificar si califica como productor agropecuario;https://vicentetrapani.com/eng/ | https://www.beverage-world.com/en/company/vicente-trapani-sa-los-nogales-2245558
Yesecco S.R.L.;Sauce Viejo;Santa Fe;seccoplac.com.ar;fabrica placas antihumedad para construcción (marca Seccoplac) con red de franquicias;;exportación | expansión;;https://seccoplac.com.ar | https://www.abc.com.py/empresariales/2022/07/18/seccoplac-marca-lider-llega-ahora-a-paraguay/ | https://www.guiaindustrial.ar/yesecco-srl-sauce-viejo-santa-fe-argentina/
Work S R L;Villa Gobernador Galvez;Santa Fe;work.com.ar;fabrica envases plásticos termoformados descartables (blisters para alimentos);;;dominio de entrada work-srl.com.ar no verificado y el sitio hallado es work.com.ar;https://www.work.com.ar/ | https://www.cuitonline.com/detalle/30650566005/work-s-r-l.html
Profarmer S.A.;Rafaela;Santa Fe;profarmermaq.com.ar;fabrica plantas y equipos para alimento balanceado, almacenaje y acondicionamiento de granos;40;montaje | proyectos | exportación;;https://profarmermaq.com.ar/nosotros/ | https://ofertaexportablerafaela.com.ar/empresas/profarmer/
Productos Quimicos Rosario Srl;Rosario Sud;Santa Fe;pqr.com.ar;fabrica productos químicos de limpieza (marcas PQR y Rey Brill);;;;https://pqr.com.ar/quienes-somos/ | https://pqr.com.ar/
