razon_social;localidad;nombre_corto;web;rubro;contacto_nombre;contacto_cargo;contacto_email;contacto_telefono;falta
M.E.T. Industrial S.R.L.;La Calera;MET Industrial;metindustrial.com.ar;Metalúrgica de precisión (mecanizado de piezas, dispositivos de soldadura, matrices y calibres);;;administracion@metindustrial.com.ar;;decisor
Construcciones Sl S.R.L.;Fray Luis Beltran;Construcciones San Lorenzo;construccionessl.com.ar;Construcción, montaje y reparación de tanques de almacenamiento (API 650/653/620 y ASME) y estructuras metálicas;;;;;decisor y canal
Proveedora Quimica Sociedad Anonima;Rosario Sud;Proveedora Química;provquimica.com.ar;Distribución mayorista de resinas y materias primas plásticas (representante de BASF, Covestro, Akzo Nobel);;;;0341 481-6787;decisor
Aucon Ingenieria S.R.L.;Barrio Crisol *;Aucon Ingeniería;aucon.com.ar;Automatización industrial, control y energías renovables;;;;;decisor y canal
Industrias Alazan Srl;;Alazán;alazan.com.ar;Fabricación de sistemas de corte y repuestos para cosechadoras agrícolas;Oscar Hovsepian;Socio gerente (alazan.com.ar / Kompass);;;canal
Repuestos Agro-Industria S. R. L.;Parana;Patat Repuestos;repuestospatat.com.ar;Repuestos para el agro y la industria (cadenas, engranajes y poleas);;;;0343 424-2403;decisor
Industrias Better S R L;Rosario Sud;Better;better.com.ar;Fabricación de bolsas plásticas (termocontraíbles y al vacío) para envasado de alimentos;;;ventas@better.com.ar;341 464-1310;decisor
Plasticos Roldan S.R.L.;Roldan;Plásticos Roldán;plasticosroldan.com.ar;Reciclado de plásticos posconsumo y fabricación de film y bolsas de polietileno a medida;;;contacto@plasticosroldan.com.ar;+54 341 496 1826 / WhatsApp +54 9 341 644 9557;decisor
Metalmecanica Parana Sa;San Lorenzo;Metalmecánica Paraná;metalmecanicaparana.ar;Alquiler de equipos y camiones con hidrogrúa para construcción e industria;;;metalmecanicaparana@netcoop.com.ar;03476 431517;decisor
Bounous Hnos S A Industrias Metalurgicas;Galvez;Bounous;bounous.com.ar;Fabricación de grupos electrógenos, motores, motobombas, torres de iluminación y compresores;;;info@bounous.com.ar;(03404) 481609;decisor
Equipos Agroindustriales Sociedad Anonima;Bahia Blanca;Equipos Agroindustriales (EASA);easaweb.com.ar;Venta de maquinaria agrícola, tractores, implementos e insumos;;;info@agroindustrial.com.ar;0291 484-6220;decisor
Transmisiones S.R.L.;Rosario Norte;Transmisiones;transmisiones.com.ar;Distribución de transmisiones industriales (poleas, acoples, cadenas, reductores, motores, correas);;;;+54 9 341 566-8049 (WhatsApp comercial publicado en la web);decisor
