razon_social;localidad;provincia;nombre_corto;web;rubro;empleados;senales;contacto_nombre;contacto_cargo;contacto_email;contacto_telefono;otros_contactos;dato;alerta;nota;fuente_enriquecimiento
Mansfield Minera S A;Salta;Salta;Mansfield Minera;;Minería de oro (Mina Lindero, Puna salteña);;minería;;;;;;Mansfield Minera opera la Mina Lindero en la Puna salteña desde 2020;Descarte: subsidiaria de Fortuna Silver Mines (multinacional canadiense);No se confirmó el dominio mansfieldmin.com.ar en las búsquedas;https://www.eltribuno.com/salta/2026-4-26-0-0-0-mansfield-minera-refuerza-su-modelo-de-mineria-responsable-en-la-puna-saltena | http://cmsalta.com.ar/asociados/mansfield-minera-s-a-mina-lindero/ | https://ar.linkedin.com/company/mansfield-minera-sa
Industria Metalurgica T.C.F. Cordoba S.A.;Camilo Aldao;Córdoba;TCF;;Fabricación de acoplados jaula para hacienda, equinos y porcinos;;vendedores;Marcelo Cena;Socio (razón social TCF Industrias Cena de José Cena y Marcelo Cena, Cuit Online);;;José Cena (socio) / Daniel Andrés Cena (publica el catálogo TCF en LinkedIn, cargo no verificado);TCF fabrica acoplados jaula para hacienda con un sistema doble propósito patentado;;El dominio industriascena.com.ar no apareció, la web visible es un sitio Wix (danicena3.wixsite.com/tcfweb). Los socios figuran en una sociedad vinculada, no en la S.A. Socia de la Cámara de Industriales Metalúrgicos de Córdoba;https://metalurgicoscba.com.ar/empresas-socias/industria-metalurgica-tcf-cordoba-sa | https://www.cuitonline.com/detalle/30707946284/t-c-f-industrias-cena-de-jose-cena-y-marcelo-cena.html | https://www.linkedin.com/posts/daniel-andres-cena-6081a4111_catalogo-tcf-industrias-cena-activity-6469317308467724289-LbJ3 | https://danicena3.wixsite.com/tcfweb/acoplados-jaula-caballos | https://www.facebook.com/industriatcf/
Metalurgica Rosarina De Fundicion Srl;Rosario Sud;Santa Fe;Metrofund;metrofund.com.ar;Fundición, ejes, mazas y tambores de freno para camiones y acoplados;100 (prensa);;;;;0341 461-5075;;Metrofund fabrica ejes, mazas y tambores de freno para camiones desde hace casi 70 años;Descarte: concurso preventivo abierto (Rosario, 2025-2026) y despidos informados en prensa;D&B lista a Diego Hernán Giardina como principal, sin cargo verificado. Teléfono de directorio;https://www.metrofund.com.ar/ | https://puntobiz.com.ar/negocios/pese-a-una-fuerte-reduccion-de-personal-fundicion-termino-en-tribunales-2026224600 | https://www.conclusion.com.ar/gremiales/reincorporaron-a-30-trabajadores-despedidos-de-la-metalurgica-rosarina-metrofund/09/2025/ | https://www.machinetools.com/en/companies/430826-metalurgica-rosarina-de-fundicion-srl-metrofund
Industrial Metalmecanica S A;San Miguel De Tucuman;Tucumán;IMSA;imsatuc.com.ar;Fundición (acero, inoxidable, bronce, nodular), mecanizado semipesado y repuestos para ingenios azucareros;;mantenimiento | proyectos;;;;0381 424-2000;;IMSA fabrica y repara componentes para ingenios azucareros con más de 100 años de historia;Revisar tamaño antes de contactar (empresa familiar centenaria que atiende grandes plantas);Certificada ISO 9001. Figura en la oferta exportable del IDEP. Sin decisor identificado;https://www.imsatuc.com.ar/ | https://imsatuc.com.ar/nosotros | https://idep.gov.ar/oferta_exportable/industrial-metalmecanica-s-a/ | https://www.cylex.com.ar/san-miguel-de-tucuman/imsa---industrial-metalmecanica-sa-11116529.html
Dragon Metalurgica S R L;Las Parejas;Santa Fe;Dragón Metalúrgica;fundicionnodular.com;Fundición de hierro gris y nodular para maquinaria agrícola y autopartes;30-40 (Maquinac);;;;administracion@dragonmetalurgica.com.ar;03471 47-0783;;Dragón Metalúrgica funde piezas de hierro nodular con sistema de calidad certificado ISO 9001;;El dominio dragonsrl.com.ar no apareció, la web es fundicionnodular.com. Email tomado del listado de fundiciones asociadas (verificar). Planta de 4.500 m2;https://maquinac.com/empresas/dragon-metalurgica/ | http://fundicionnodular.com/ | https://www.fundidores.org.ar/empresas-de-fundicion-2/ | https://www.paginasamarillas.com.ar/fichas/dragon-metalurgica-srl-fundicion-nodular_12754581
truck and service s.a;PALANTELEN;Buenos Aires;Truck and Service;;;;;;;;;;;Revisar: no se confirmó actividad ni localidad;No encontrada. Existe una Truck and Service S.A. (CUIT 30-71551596-9, constituida 2016) sin localidad confirmada;https://www.dateas.com/es/empresa/truck-and-service-sociedad-anonima-30715515969
Metalurgica Genovese S.A;Reconquista;Santa Fe;Genovese;metalurgicagenovese.com;Fabricación de maquinaria agrícola y forestal;;;;;;;;Genovese fabrica maquinaria agrícola en Reconquista desde 1927 y recibió la distinción al mérito industrial de FISFE en 2019;;Empresa familiar dirigida por la tercera generación, sin nombres verificados. El dominio de la entrada (metalurgicagenovense.com.ar) tiene un error, la web es metalurgicagenovese.com. Planta de más de 13.000 m2 cubiertos;https://www.metalurgicagenovese.com/contacto | https://www.reconquistahoy.com/37280-metalurgica-genovese-sa-recibio-la-distincion-al-merito-industrial-2019 | https://cafma.org.ar/empresas/112/metalurgica-genovese-sa | https://ar.linkedin.com/company/metalurgicagenovese
Industria Metalurgica Fontana S.R.L.;Viale;Entre Ríos;Metalúrgica LF;metalurgicalf.com.ar;Fabricación de implementos agrícolas (palas frontales, rastras niveladoras, hoyadoras);;;Luis Antonio Fontana;Fundador (Maquinac);;0343 492-0308;Hernán Fontana (cargo no verificado) / Román Fontana (cargo no verificado);Metalúrgica LF inauguró su planta en el Parque Industrial de Viale en 2012;;Teléfono de directorio (D&B). Hernán y Román Fontana aparecen presentando productos en Campo TV y YouTube;https://maquinac.com/empresas/metalurgica-lf/ | https://metalurgicalf.com.ar/ | https://campoenaccion.com/campo-tv/hernn-fontana-metalrgica-lf-rastrn-nivelador-para-emparejar-suelos-agrcolas.htm | https://www.dnb.com/business-directory/company-profiles/industria-metalurgica-fontana-srl.3ee1d6d7a90f5899fd596ddfe81a59bd
METAL LINE SRL;CORDOBA;Córdoba;Metal Line;;Estructuras metálicas, galpones, cortinas metálicas y corte y plegado de chapa;;obras;;;;0351 466-8141;;Metal Line fabrica estructuras metálicas, galpones y tinglados en Córdoba;;Sin web propia (Instagram @metal_line1). Teléfono de directorio. Domicilio F. de Arteaga 2655, Villa Adela;https://www.cuitonline.com/detalle/30709935875/metal-line-s-r-l.html | https://www.argentino.com.ar/metal-line-estructuras-metalicas-F1007C40312D7 | https://empresasdecordoba.com/pagina/Metal-Line-Estructuras-Metalicas/ | https://www.instagram.com/metal_line1/?hl=es-la
AGROSERVICIOS JF SRL;JOAQUIN V. GONZAL;Salta;Agroservicios JF;;Contratista de cosecha mecánica, transporte de carga y cría de ganado;;;;;;;;Agroservicios JF presta servicios de cosecha mecánica y transporte de carga en el departamento Anta;Revisar encaje: contratista rural y transportista, no industria;Sin web propia. Constituida en 2015. Sin decisor verificado;https://www.cuitonline.com/detalle/33714783799/agroservicios-jf-srl.html | https://www.agroads.com.ar/e/agroservicios-jf-srl/
Metalurgica Bemar S A;Lanus;Buenos Aires;Bemar;metalurgicabemar.com.ar;Fabricación de cadenas transportadoras, ruedas dentadas y noria para frigoríficos e industria;;montaje;;;metalurgicabemar@live.com.ar;011 4208-1519;;Bemar fabrica cadenas transportadoras y ruedas dentadas desde 1962;;Planta en Boquerón 2075, Valentín Alsina (Lanús). Directorio publicado en BO 2012 cesó ese año, sin decisor actual verificado;https://metalurgicabemar.com.ar/ | https://www.paginasamarillas.com.ar/fichas/metalurgica-bemar-sa_10439912 | https://www.dateas.com/en-us/bora/2012/10/10/metalurgica-bemar-sa-85519
Metalurgica Integral S R L;Villa Constitucion;Santa Fe;Metalúrgica Integral;metalurgicaintegralsrl.com;Fabricación de piezas industriales, tornería, matricería y mantenimiento de máquinas;;mantenimiento;;;;;;Metalúrgica Integral fabrica piezas y mantiene equipos industriales en Villa Constitución desde 1976;;Sin decisor ni canal verificado. Ruta 21 km 245;http://www.metalurgicaintegralsrl.com/ | https://www.cuitonline.com/detalle/30566841009/metalurgica-integral-s-r-l.html | https://miguiaargentina.com.ar/empresas/metalurgica-integral-srl.html
