Sf Fertilizantes S.R.L.;Capitan Bermudez;;;Agroindustria (proveedores de servicios/insumos)
Industria Mecanica Indumec S.A.;Rosario Sud;;indumec.com.ar;Industrial B2B (otro)
Talleres Filippini Sociedad De Responsabilidad Limitada;Villa Gobernador Galvez;;;Servicios técnicos y mantenimiento industrial
Industria D'Ascanio S.R.L.;Las Parejas;;dascanio.com.ar;Industrial B2B (otro)
Rosario Agro Industrial Srl;Rosario Norte;;rosarioagroindustrial.com;Industrial B2B (otro)
Frigorifico Bermejo S.A.;Salta;;;Agroindustria (proveedores de servicios/insumos)
Electromecanica Sasso San Luis S.R.L.;San Luis;;;Distribuidoras de insumos industriales
Amarilla Gas S.A. Pto. San Martin;;;amarillagas.com;Instalaciones (eléctricas, termomecánicas, gas, incendio)
A&M Montajes Industriales S.R.L.;Villa Gobernador Galvez;;;Montajes industriales y estructuras metálicas
Compañia Minera Aguilar Sociedad Anonima;;;aguilar-arzinc.com;Minería y energía (proveedores y contratistas)
FABRICA DE MOTORES ORIPON S.R.L.;MARCOS JUAREZ;;oripon.com.ar;Industrial B2B (otro)
Granja Tres Arroyos SACAFI-Planta Colón;Colón;;gta.com.ar;Industrial B2B (otro)
