razon_social;localidad;web_activa;rubro;empleados;senales;contacto_nombre;contacto_cargo;email;telefono;fuente_enriquecimiento
Simetra Service Srl;Neuquen;sí (la web dice Simetra Service S.A.);Ingeniería básica y de detalle, dirección de proyectos, asesoría técnica y montajes mecánicos y eléctricos para obras civiles e industriales de petróleo y gas en la cuenca neuquina;51-200 (LinkedIn);proyectos | obras | montaje | energía (petroleras: YPF, TGS, Pan American Energy, Tecpetrol, Pluspetrol, Exxon, Oldelval) | clientes corporativos | infraestructura propia en toda la cuenca neuquina | capacidad de 202.000 horas/año de construcción | ISO 9001, 14001 y 45001 | página de vacantes con áreas de administración, comercial, ingeniería y obra (hoy 1 puesto abierto, de base) | área comercial (comercial de alquileres en LinkedIn);;Dueño (propietario según LinkedIn);info@simetra.com.ar;0299 4413762;https://simetra.com.ar/ | https://simetra.com.ar/proyects | https://simetra.com.ar/vacantes | https://www.linkedin.com/company/simetrasa/people/
Cintas Metalicas Moros S.A.;Lanus;sí (redirige a www.moros.com.ar);Fabrica mallas transportadoras metálicas, equipos a medida para transporte y manipulación de producto y automatizaciones, con instalación y mantenimiento;11-50 (LinkedIn);fabricación a medida | proyectos llave en mano y puesta en marcha | instalación y mantenimiento | asistencia técnica | clientes industriales (alimenticia, química, farmacéutica, metalúrgica);;Dueño (titular según LinkedIn);info@moros.com.ar;011 4248-8200;https://www.moros.com.ar/es | https://www.moros.com.ar/es/nosotros | https://www.moros.com.ar/es/contacto | https://www.linkedin.com/company/cintas-me%C3%A1licas-moros-s-a/people/
Hidraulica C & C S.R.L.;Rosario Sud;sí;Taller naval matriculado: reparación y fabricación de cilindros hidráulicos y mantenimiento de equipos hidráulicos con servicio en planta y a bordo. Distribuidor exclusivo de componentes Verion;2-10 (LinkedIn);mantenimiento | servicio en planta y a bordo | distribuidor exclusivo (Verion) | fabricación a medida | industria y flota fluvial;;;cyc@hidraulicacyc.com.ar;+54 9 341 328 3811;https://hidraulicacyc.com.ar/ | https://hidraulicacyc.com.ar/contacto | https://www.linkedin.com/company/hidraulica-c-c-s-r-l/people/
J L Electromecanica S.R.L.;La Rioja;no tiene web propia;Según su actividad en AFIP (vista en Nosis): instalación, ejecución y mantenimiento de instalaciones eléctricas, electromecánicas y electrónicas;;instalaciones | mantenimiento (según actividad AFIP);;;;;https://trade.nosis.com/es/J-L-ELECTROMECANICA-SRL/30709622192/1/p | https://ar.linkedin.com/company/jl-electromecanica-srl (la página ya no existe)
Industria Metalurgica Barrancas Sa;Barrancas;sí;Autopartista: fabrica componentes hidráulicos de freno para automotores (marcas GFA e IMBASA) con mecanizado CNC;11-50 (LinkedIn);fabricación en serie de repuestos (no por proyecto) | área comercial (gerente comercial en LinkedIn) | catálogo y lanzamientos | gestión lean desde 2014;;Gerente comercial;consulta@imbasa.ar;+54 9 341 7533690;https://imbasa.ar/ | https://imbasa.ar/nosotros | https://imbasa.ar/contacto | https://www.linkedin.com/company/industria-metalurgica-barrancas-s-a/people/
Metal Noet Srl;Noetinger;sí (piersanti.com.ar, marca Piersanti);Fabrica cabezales draper y reformas de plataformas a lona para cosechadoras (soja, trigo, arroz y otros cultivos);51-200 (LinkedIn);red de concesionarios y agentes de venta en todo el país | área comercial (directora y gerente comercial, ejecutivo y asistente comercial en LinkedIn) | exportación (web en inglés y ruso, comercio exterior en LinkedIn) | financiación de fábrica y convenios con bancos | ISO 9001 | premios a la innovación (Ternium Expoagro, CITA);;Directora y gerente comercial;ventas@piersanti.com.ar;03472 470195;https://piersanti.com.ar/ | https://piersanti.com.ar/empresa-nueva/ | https://piersanti.com.ar/piersanti-interactua-con-su-fuerza-de-ventas/ | https://www.dunsguide.com/company/55a3c13c736b27270ed35861752d8bcb/metal-noet-srl | https://www.linkedin.com/company/piersanti/people/
Metalurgica Del Sur S.A;Villa Gobernador Galvez;sí;Diseña y fabrica grúas puente, pórtico y pluma, monorrieles y equipos de izaje, con inspección, mantenimiento, capacitación de operadores y pruebas de carga;11-50 (LinkedIn);proyectos | mantenimiento preventivo | posventa y servicio técnico | certificación IRAM | área comercial (técnico comercial y asesor técnico en LinkedIn) | más de 50 años;;Director;mds@mds.com.ar;0341 518-2906;https://mds.com.ar/ | https://mds.com.ar/empresa/ | https://www.linkedin.com/company/metalurgicadelsur/people/
Metalurgica Sarmiento S R L;Esperanza;sí;Ingeniería, fabricación y montaje de equipos industriales a medida: aspiración y filtrado de polvos y gases, equipos metalúrgicos especiales y tanques de acero inoxidable y al carbono;;proyectos | montaje | fabricación a medida | posventa | minería | energía (renovables, gas y petróleo) | agroindustria | vínculo técnico comercial con el cliente;;;contacto@metalurgicasarmiento.com;03496 412200;https://metalurgicasarmiento.com/ | https://metalurgicasarmiento.com/la-empresa-metalurgica-sarmiento/ | https://metalurgicasarmiento.com/contacto-metalurgica-sarmiento/
E R A Energias Renovables Argentinas Sa;Piamonte;sí (poco contenido: la página de productos no carga);Planta de producción de bioenergías (la web no detalla productos). La web la presenta como ERA S.R.L. y enlaza a la Comisión Nacional de Valores;;energía (bioenergías) | web con poco contenido;;;;03401 455114;https://era.com.ar/ | https://era.com.ar/planta/ | https://era.com.ar/contacto/index.php
Omicron Construcciones Y Montajes S R L;San Lorenzo;sí (la portada tiene texto de spam de casinos inyectado: la web parece hackeada);Construcción, montaje y mantenimiento de cañerías, estructuras y equipos de transporte para plantas aceiteras, refinerías y químicas;;obras | montaje | mantenimiento | clientes corporativos (Vicentín, Molinos, Renova, AGD, Oleaginosa San Lorenzo) | agroindustria;;;administracion@omicronsrl.com.ar;03476 225795;https://omicronsrl.com.ar/quienes-somos/ | https://omicronsrl.com.ar/trabajos/ | https://omicronsrl.com.ar/contacto
Metalurgica B.M.B. S.A.;Armstrong;sí (bmbweb.com.ar, que no estaba en la lista);Fábrica de implementos agrícolas: tolvas autodescargables, tolvas semilleras, carros racionadores y transportadores;11-50 (LinkedIn);agroindustria | área de ventas propia (ventas, administración y repuestos con líneas separadas) | exportación a Uruguay (guía Maquinac) | planta en el parque industrial de Armstrong | lanzamientos nuevos (tolva 39 TN) | correo en Gmail (sin dominio propio);;Presidente;metalurgicabmb@gmail.com;03471 490748;https://bmbweb.com.ar/ | https://bmbweb.com.ar/empresa/ | https://maquinac.com/empresas/bmb/ | https://www.linkedin.com/company/metal%C3%BArgica-bmb/people/
Electromecanica Bottino Hnos. Sociedad Anonima;General San Martin;sí (redirige a www.ebhsa.com.ar);Tableros eléctricos, salas eléctricas llave en mano, ductos de barras y fabricaciones especiales, más ingeniería, construcción, montaje y puesta en marcha de obras electromecánicas, líneas y estaciones transformadoras;51-200 (LinkedIn);proyectos | obras | montaje | llave en mano y puesta en marcha | minería | energía (petroleras, estaciones transformadoras, aerogenerador propio) | exportación (Chile, Perú, Paraguay, México, Bolivia, Arabia Saudita, China y otros) | mantenimiento industrial | área comercial (vicepresidente comercial y gerente de ventas en LinkedIn) | ISO 9001 e ISO 45001 | planta de 6.500 m2 cubiertos;;Vicepresidente (área comercial);;0263 4420000;https://www.ebhsa.com.ar/ | https://www.ebhsa.com.ar/empresa/ | https://www.ebhsa.com.ar/contacto/ | https://www.linkedin.com/company/electromecanica-bottino-hnos-s.a./people/
Representaciones Mineras S.R.L.;Rosario Sud;sí (representacionesmineras.com);Distribuidora de insumos para minería, construcción, oil & gas y puertos: piping, piezas de desgaste, materiales eléctricos, EPP y sistemas anticolisión, con ingeniería inversa y asesoramiento técnico;2-10 (LinkedIn);distribuidor | minería | energía (oil & gas) | puntos de venta en zonas mineras | asesores técnicos | instalación de piezas en paradas de planta;;Socio gerente;;+54 9 341 5039487;https://representacionesmineras.com/ | https://www.linkedin.com/company/representaciones-mineras-srl/people/
Eco Minera S A;San Juan;sí;Contratista minera: perforación (diamantina, aire reverso, voladura, pozos de agua), movimiento de suelos, caminos, plataformas y valles de lixiviación, y alquiler de equipos con operador;501-1000 (LinkedIn);minería | obras | servicios en campo (a más de 4.500 msnm) | área comercial (gerente comercial en LinkedIn) | flota propia | tamaño fuera de rango (501-1000 empleados en LinkedIn);;Gerente comercial;info@ecominera.com.ar;0264 428 0430;https://ecominera.com.ar/ | https://ecominera.com.ar/servicios | https://ecominera.com.ar/contacto | https://www.linkedin.com/company/eco-minera/people/
Industria Metalurgica De Pedro Srl;Los Gucheas;sí (mdepedro.com.ar);Proyecta, calcula, fabrica y monta construcciones metálicas: estructuras pesadas, tanques API, cañerías, destilerías y deshidratadoras de alcohol, mecanizado CNC;;proyectos | obras | montaje (grúas propias de 20 y 50 t) | fabricación a medida | clientes corporativos (ingenios azucareros: Ledesma, La Providencia de Arcor, San Martín del Tabacal y otros) | minería y petróleo (según su visión) | ISO 9001 | personal propio de ingeniería, proyectistas y montadores;;;info@mdepedro.com.ar;+54 9 381 401-9919;https://mdepedro.com.ar/ | https://mdepedro.com.ar/empresa | https://mdepedro.com.ar/contacto-2
