razon_social;localidad;provincia;web;rubro;empleados;senales;alerta;fuente_enriquecimiento;fuente;fecha_revision
Taller Nahuel Sa;Ciudadela;Buenos Aires;talleresnahuel.com;fabrica piñones y engranajes, importa cadenas de transmisión;;;;https://www.talleresnahuel.com/ | https://www.instagram.com/talleresnahuel.ar/;pasada rápida de rubro (sesión cloud);2026-09-27
SCREW ARGENTINA S.A.;VILLA GOBERNADOR GALVEZ;Santa Fe;screw.com.ar;fabrica maquinaria agrícola (rubro AFIP: maquinaria agrícola y forestal);;;;http://www.screw.com.ar/ | https://infolomas.com.ar/screw-argentina-s-a/;pasada rápida de rubro (sesión cloud);2026-09-27
Corrugados S L S A;San Lorenzo;Santa Fe;corrugadossl.com.ar;fabrica cajas de cartón corrugado;31 (Dateas, estimado);;;https://www.dateas.com/es/empresa/san-lorenzo-corrugados-s-r-l-30632582826 | http://www.guiadelaindustria.com/empresa/corrugados-sl-s-a-fabrica-de-cajas-de-carton-corrugado-solo-recibimos-consultas-por-este-medio-no-dude-en-enviarnos-su-inquietud-que-en-breve-sera-respondida-/45999;pasada rápida de rubro (sesión cloud);2026-09-27
Jalit Hnos S A;San Vicente;Santa Fe;bateriasjalit.com.ar;fabrica baterías de arranque (marca Jalit), certificación ISO 9001;;;;https://www.bateriasjalit.com.ar/ | https://www.bateriasjalit.com.ar/empresa/;pasada rápida de rubro (sesión cloud);2026-09-27
Maquinarias Agricolas Ramona Srl;Ramona;Santa Fe;;vende maquinaria agrícola (concesionario);;dominio coopra.com.ar no confirmado en la búsqueda;dominio coopra.com.ar no confirmado en la búsqueda;https://www.facebook.com/maquinarias.ramonasrl/ | https://secman.com.ar/concesionarios/maquinarias-agricolas-ramona-srl/;pasada rápida de rubro (sesión cloud);2026-09-27
Rizzotto Y Pieragostini S R L;Rafaela;Santa Fe;poleasrp.com;fabrica poleas de fundición para uso industrial;;;;https://www.poleasrp.com/ | https://gapp-oil.com.ar/en/partners/rizzotto-y-pieragostini-s-r-l/;pasada rápida de rubro (sesión cloud);2026-09-27
RECTIFICACIONES UNION S.R.L.;BELL VILLE;Córdoba;;rectifica motores y fabrica/vende repuestos automotor;;dominio southlink.com.ar no confirmado - parece taller automotor, no confirmado si es B2B industrial;dominio southlink.com.ar no confirmado - parece taller automotor, no confirmado si es B2B industrial;https://www.argentino.com.ar/rectificaciones-union-srl-F1B0DC10418 | https://www.portal-industrial.com.ar/empresa/rectificaciones-union-srl/9538/;pasada rápida de rubro (sesión cloud);2026-09-27
Valvulas Y Bombas Srl;Rosario Sud;Santa Fe;vybsrl.com.ar;distribuye bombas y válvulas industriales (alcance nacional);;;;https://guiadebombas.com/vyb-valvulas-y-bombas-s-r-l-nuevo-domicilio/ | https://www.cuitonline.com/detalle/30708826150/valvulas-y-bombas-srl.html;pasada rápida de rubro (sesión cloud);2026-09-27
METALFOR S.A;MARCOS JUAREZ;Córdoba;metalfor.com;fabrica maquinaria agrícola (pulverizadoras, cosechadoras), plantas en Argentina y Brasil;500-1000 (ZoomInfo/EMIS, no verificado en fuente primaria);empresa grande, más de 250 empleados;empresa grande, más de 250 empleados;https://www.zoominfo.com/c/metalfor-sa/458255468 | https://www.emis.com/php/company-profile/AR/Metalfor_SA__Marcos_Juarez__en_1106476.html;pasada rápida de rubro (sesión cloud);2026-09-27
Arruca S A;Rafaela;Santa Fe;arrucacadenas.com.ar;fabrica cadenas industriales;;exportación;;http://www.arrucacadenas.com.ar/consejos_utiles.html | https://paer.rafaela.gob.ar/empresas/arruca-s-a/;pasada rápida de rubro (sesión cloud);2026-09-27
Weg Equipamientos Electricos Sa S. A.;San Francisco;Córdoba;weg.net;fabrica motores eléctricos, transformadores, generadores y automatización industrial;;multinacional, subsidiaria del grupo WEG (Brasil);multinacional, subsidiaria del grupo WEG (Brasil);https://www.weg.net/institutional/AR/en/contact/contact-us | https://www.cadieel.org.ar/asociado/weg-equipamientos-electricos-s-a/;pasada rápida de rubro (sesión cloud);2026-09-27
Dico Aceros S R L;Rosario Norte;Santa Fe;;fundición de aceros;77 (EMIS, estimado);dominio ivanar.com.ar no confirmado como propio;dominio ivanar.com.ar no confirmado como propio;https://www.emis.com/php/company-profile/AR/Dico_Aceros_SRL_es_22586068.html | https://www.facebook.com/pages/IVANAR-Aceros-Dico-Chofer-de-Semirremolque/234701236715202;pasada rápida de rubro (sesión cloud);2026-09-27
E T M A Establecimiento Tecnico Metalurgico Argentino S A;Rafaela;Santa Fe;etma.com.ar;fabrica cruces cardanicos y juntas universales para vehiculos y maquinaria agricola;mas de 100 (web);exportación;;https://es.etma.com.ar/nosotros/ | https://www.cuitonline.com/detalle/30505523225/e-t-m-a-establecimiento-tecnico-metalurgico-argentino-s-a.html;pasada rápida de rubro (sesión cloud);2026-09-27
Petit Plast Sociedad Anonima;Salta;Salta;petitplast.com.ar;fabrica bolsas de polietileno y envases descartables;;;;https://uis.com.ar/socios/petit-plast/ | https://tiendapetitplast.com.ar/contacto/ | https://www.cuitonline.com/detalle/33715472649/petit-plast-sociedad-anonima.html;pasada rápida de rubro (sesión cloud);2026-09-27
Galea Srl;Rosario Sud;Santa Fe;;fabrica y monta estructuras metalicas (perfiles y tubos) para naves y construcciones industriales;41 (Nosis);obras | montaje | el dominio informado (rogiroaceros.com) corresponde a otra empresa (Rogiro Aceros SA), no se confirmo web propia de Galea;el dominio informado (rogiroaceros.com) corresponde a otra empresa (Rogiro Aceros SA), no se confirmo web propia de Galea;https://www.cuitonline.com/detalle/30707194576/galea-srl.html | https://www.instagram.com/galeasrl/?hl=es | https://trade.nosis.com/en/GALEA-SRL/30707194576/1/p;pasada rápida de rubro (sesión cloud);2026-09-27
Metalcar S.R.L.;Villa Constitucion;Santa Fe;metalcarsrl.com.ar;torneria y estructuras metalicas, corte y plegado de chapas;;;;https://www.cuitonline.com/detalle/30713688106/metalcar-s.r.l.html | https://www.guiaurbana.com.ar/empresas/metalcar-srl-torneria-y-estructura-villa-constitucion;pasada rápida de rubro (sesión cloud);2026-09-27
Metalvos Srl;Villa Ramallo;Buenos Aires;metalvos.com.ar;fabricacion y reparacion de equipos industriales de acero para los sectores petrolero, siderurgico y nuclear;;petrolera | energía;;https://www.cuitonline.com/detalle/30693839153/metalvos-srl.html | https://www.emis.com/php/company-profile/AR/Metalvos_SRL_es_4944929.html;pasada rápida de rubro (sesión cloud);2026-09-27
Papelera Cesar S.A.;Rosario Norte;Santa Fe;papeleracesar.com.ar;fabrica bolsas de papel y papel revestido/tratado;;;;https://www.dunsguide.com/es/company/8349901a97e17ce7f9c0fdf304a424e7/papelera-cesar-srl | https://www.guiaurbana.com.ar/empresas/papelera-cesar-srl-rosario;pasada rápida de rubro (sesión cloud);2026-09-27
Tedeschi Maquinarias Sa;El Trebol;Santa Fe;todotedeschi.com.ar;fabrica maquinaria agricola (sembradoras, acoplados, mixers, cargadores frontales);;;;https://www.cuitonline.com/detalle/30714936693/tedeschi-maquinarias-sa.html | https://maquinac.com/empresas/tedeschi/ | https://cafma.org.ar/empresas/142/tedeschi;pasada rápida de rubro (sesión cloud);2026-09-27
Termoplasticos Chivilcoy S.A.;Chivilcoy;Buenos Aires;tmpch.com.ar;fabrica productos termoplasticos (empresa del Parque Industrial de Chivilcoy);;;;https://parqueindustrialchivilcoy.com/index.php?id=22&seccion=empresa;pasada rápida de rubro (sesión cloud);2026-09-27
REPUESTOS MJ S.A.S.;MARCOS JUAREZ;Cordoba;repuestosmj.com.ar;venta de repuestos y maquinaria agricola usada (cosechadoras, sembradoras);;;;http://repuestosmj.com.ar/ | http://repuestosmj.com.ar/contacto.php;pasada rápida de rubro (sesión cloud);2026-09-27
B T S S A;Ciudadela;Buenos Aires;correasbts.com.ar;fabrica y distribuye correas industriales y de transmision para agro, linea blanca, automotriz, petroleo y mineria;;minería | petrolera | exportación;;https://www.correasbts.com.ar/contacto | https://www.facebook.com/CorreasBts/ | https://www.guiaurbana.com.ar/empresas/bts-sa-fabricacion-y-distribucion-de-correas-ciudadela;pasada rápida de rubro (sesión cloud);2026-09-27
Molino Bombal S.R.L.;Bombal;Santa Fe;molinobombal.com.ar;molino harinero, produce harina y pan rallado para panaderias;;;;https://molinobombal.com.ar/ | https://connectamericas.com/es/company/molino-bombal-srl;pasada rápida de rubro (sesión cloud);2026-09-27
Alberto Chill Implementos Agricolas S.R.L.;Villa Angela;Chaco;;venta de implementos agricolas, repuestos y accesorios;2 (D&B);dominio informado (vivecom.ar) es del proveedor de hosting/email usado por la empresa, no una web propia confirmada;dominio informado (vivecom.ar) es del proveedor de hosting/email usado por la empresa, no una web propia confirmada;https://www.dnb.com/business-directory/company-profiles.chill_alberto.090cb875d37123f3aab02c98698c5ebc.html | https://www.facebook.com/albertochillva/;pasada rápida de rubro (sesión cloud);2026-09-27
Remolques Todd. S.A.;EST. TODD;Buenos Aires;acopladoselgrillo.com.ar;fabrica acoplados, tolvas y plataformas (marca Acoplados El Grillo) para agro, transporte, energía y minería;;minería | energía;;https://www.argentino.com.ar/acoplados-el-grillo-F1608C90013D8 | https://maquinac.com/empresas/el-grillo/;pasada rápida de rubro (sesión cloud);2026-09-27
Agrimaq I Y C Srl;Esperanza;Santa Fe;agrimaq.com.ar;fabrica secadoras de granos, elevadores, silos y norias para el agro;;exportación;;https://agrimaq.com.ar/ | https://www.lanacion.com.ar/economia/comercio-exterior/agrimaq-festejo-el-embarque-numero-100-nid632022/;pasada rápida de rubro (sesión cloud);2026-09-27
Establecimientos Metalurgicos Oncativo S A;Oncativo;Córdoba;vsoncativo.com.ar;fabrica discos para rastras y arados, discos para sembradoras y accesorios agrícolas;;exportación;;https://afamac.com.ar/catalogo/asociados-afamac/establecimientos-metalurgicos-oncativo/ | https://cafma.org.ar/empresas/42/oncativo-sa;pasada rápida de rubro (sesión cloud);2026-09-27
Centro De Chapas Rosario S A;Rosario Sud;Santa Fe;centrodechapas.com.ar;comercializa y distribuye chapas para techos, galpones e industria, con servicio de corte y plegado;;"localidad de la empresa figura como Rosario (Blvd. Oroño), no se confirmó específicamente ""Rosario Sud""";"localidad de la empresa figura como Rosario (Blvd. Oroño), no se confirmó específicamente ""Rosario Sud""";https://centrodechapas.com.ar/ | https://www.paginasamarillas.com.ar/fichas/centro-de-chapas-rosario_14952238;pasada rápida de rubro (sesión cloud);2026-09-27
Pozzi Maquinarias S.A.;Cañada Rosquin;Santa Fe;pozzimaquinarias.com.ar;vende maquinaria agrícola, concesionario de tractores y equipos Pauny, Crucianelli y Agromec;;el dominio de la entrada (velosat.com.ar) no corresponde a la empresa, es un ISP local de Cañada Rosquín, se confirmó el sitio propio pozzimaquinarias.com.ar por otra vía;el dominio de la entrada (velosat.com.ar) no corresponde a la empresa, es un ISP local de Cañada Rosquín, se confirmó el sitio propio pozzimaquinarias.com.ar por otra vía;https://pozzimaquinarias.com.ar/ | https://www.agrofy.com.ar/250-a-evo-pozzi-maquinarias-s-a-ca-ada-rosquin.html;pasada rápida de rubro (sesión cloud);2026-09-27
Papelera Mediterranea S A;Cañada De Gomez;Santa Fe;papeleramediterranea.com;fabrica cartón corrugado y cajas de cartón;;;;https://www.papeleramediterranea.com/ | https://www.paginasamarillas.com.ar/fichas/papelera-mediterranea-sa_16864673;pasada rápida de rubro (sesión cloud);2026-09-27
Tek Screw S.A.S.;Alvear;Santa Fe;tekscrew.com.ar;fabrica tornillos autoperforantes (tek screws);;;;http://www.tekscrew.com.ar/contacto.html | https://www.cuitonline.com/detalle/30708881062/tek-screw-s.a.s.html;pasada rápida de rubro (sesión cloud);2026-09-27
Transformadores Pergamino Srl;Pergamino;Buenos Aires;trafoper.com.ar;fabrica y repara transformadores eléctricos y distribuye materiales eléctricos industriales;;;;https://www.trafoper.com.ar/trafoper2017/ | https://pergaminoindustria.com.ar/transformadores-pergamino/;pasada rápida de rubro (sesión cloud);2026-09-27
RADIADORES PRATS S. A;MARCOS JUAREZ;Córdoba;;fabrica radiadores industriales, orientado al mercado petrolero;60 (EMIS 2024);petrolera | el dominio de la entrada (metalforsa.com.ar) pertenece a Metalfor S.A. (fabricante de maquinaria agrícola), no a Prats, desde 2021 Prats es parte del grupo Bertotto Boglione-Metalfor, no se confirmó dominio propio;el dominio de la entrada (metalforsa.com.ar) pertenece a Metalfor S.A. (fabricante de maquinaria agrícola), no a Prats, desde 2021 Prats es parte del grupo Bertotto Boglione-Metalfor, no se confirmó dominio propio;https://www.emis.com/php/company-profile/AR/Radiadores_Prats_SA_es_13858046.html | https://maquinac.com/empresas/prats/;pasada rápida de rubro (sesión cloud);2026-09-27
Obatown Company S.A.;Alderetes;Tucumán;in-metal.com.ar;servicios metalúrgicos: corte y plegado de chapa, mecanizado pesado y fabricación de repuestos (opera como Inmetal);1-10 (Datantify);;;https://www.cuitonline.com/detalle/30707382399/obatown-company-s.a.html | https://www.industriasargentinas.com/Inmetal-Industria-Metalurgica/;pasada rápida de rubro (sesión cloud);2026-09-27
Cia Regional Aceros Forjados Mercedes S A C R A F M S A;Villa Mercedes;San Luis;crafmsa.com.ar;forja piezas de acero para autopartes (transmisiones, dirección, cigüeñales, ejes);230 (EMIS 2024);exportación;;https://www.crafmsa.com.ar/ | https://www.emis.com/php/company-profile/AR/Compania_Regional_De_Aceros_Forjados_Mercedes_SA_es_3274012.html;pasada rápida de rubro (sesión cloud);2026-09-27
LANDUCCI MAQUINARIAS S.R.L.;GENERAL PICO;La Pampa;landuccimaquinarias.com.ar;distribuye repuestos y accesorios para maquinaria agrícola, concesionario SKF Agristore;;expansión;;https://www.informeruralpampeano.com.ar/post/landucci-maquinarias-distribuidor-de-skf | https://www.argentino.com.ar/landucci-maquinarias-F110DC30312D0;pasada rápida de rubro (sesión cloud);2026-09-27
Servicios Integrales Metalurgicos S A;Rosario Sud;Santa Fe;simsa.com.ar;servicios y fabricación metalúrgica para construcción (talleres metalúrgicos);;obras;;https://www.cuitonline.com/detalle/30658018287/servicios-integrales-metalurgicos-s-a.html | https://guiaonline.com.ar/servicios-integrales-metalurgicos-sa-rosario-santa-fe;pasada rápida de rubro (sesión cloud);2026-09-27
Eleczar S.A.;Santa Fe;Santa Fe;;empresa de construcción y obras eléctricas (participa en licitaciones y UT con otras constructoras);;obras | dominio dado (memingenieria.com.ar) no corresponde a Eleczar, no se pudo confirmar web propia;dominio dado (memingenieria.com.ar) no corresponde a Eleczar, no se pudo confirmar web propia;https://www.santafe.gob.ar/boletinoficial/verPdf.php?seccion=2021/2021-10-20contratos.html;pasada rápida de rubro (sesión cloud);2026-09-27
Breban Heavy Duty Machines S. A.;Pergamino;Buenos Aires;bidargentina.com;fabrica maquinaria para la industria alimenticia (empanadoras, cortadoras, equipos de cocina industrial), marca de BID Argentina S.A.;;;;https://www.dateas.com/en-us/empresa/breban-heavy-duty-machines-s-a-30717246981 | https://www.bidargentina.com/;pasada rápida de rubro (sesión cloud);2026-09-27
Oc Bioenergia S.A.S.;General Cabrera;Cordoba;prodeman.com.ar;genera energía eléctrica a partir de cáscara de maní (planta térmica de biomasa), unidad de negocio de Prodeman;;energía;;https://www.serindustria.com.ar/como-una-empresa-de-cordoba-produce-energia-limpia-con-residuos-de-mani/ | https://www.cuitonline.com/detalle/30715855948/oc-bioenergia-s.a.s.html;pasada rápida de rubro (sesión cloud);2026-09-27
Metalmax S.R.L.;Rosario Norte;Santa Fe;metalmax.com.ar;fabrica cadenas y transportadores industriales (norias, redlers, transmisiones);;dominio dado (metalmaxsrl.com.ar) no coincide, el sitio verificado es metalmax.com.ar;dominio dado (metalmaxsrl.com.ar) no coincide, el sitio verificado es metalmax.com.ar;https://metalmax.com.ar/metalmax/ | https://www.cuitonline.com/detalle/30710387040/metalmax-s.r.l.html;pasada rápida de rubro (sesión cloud);2026-09-27
Alvarez Maquinarias S.A.;Laboulaye;Cordoba;alvarezmaquinarias.com.ar;concesionaria oficial de maquinaria agrícola (New Holland, Crucianelli);33 (Nosis/findinindustry);;;https://www.findinindustry.com/argentina/laboulaye/industry-specific-machinery-and-equipment/alvarez-maquinarias-sa | https://trade.nosis.com/es/ALVAREZ-MAQUINARIAS-SA/30713666609/1/p;pasada rápida de rubro (sesión cloud);2026-09-27
BOGETTI MAQUINARIAS S.R.L.;GENERAL PICO;La Pampa;bogettimaquinarias.com.ar;concesionaria de maquinaria agrícola (sembradoras, cosechadoras, tractores, rotoenfardadoras);;;;https://www.agroads.com.ar/e/bogetti-maquinarias-srl/ | https://general-pico.infoisinfo-ar.com/ficha/bogetti-maquinarias-srl/199565;pasada rápida de rubro (sesión cloud);2026-09-27
Transmision De Potencia Y Servicios Argentina Srl;Santa Lucia;San Juan;tpsargentina.com;venta y servicio de reductores, acoplamientos y transmisiones de potencia para industria y minería;;mantenimiento | minería;;https://www.tpsargentina.com/;pasada rápida de rubro (sesión cloud);2026-09-27
L Y B S.A;GENERAL RAMIREZ;Entre Rios;lybmaquinarias.com.ar;concesionaria de maquinaria agrícola y transporte de maquinaria;;;;https://lybmaquinarias.com.ar/laempresa/ | https://www.cuitonline.com/detalle/30710734999/l-y-b-s.a.html;pasada rápida de rubro (sesión cloud);2026-09-27
Mm Reductores S.A.S.;Moron;Buenos Aires;mmreductores.com.ar;fabrica y repara reductores y motorreductores industriales;~50 (mmreductores.com.ar);mantenimiento | energía;;https://mmreductores.com.ar/index.php/sobre-nosotros/ | https://energiapatagonia.com/mm-reductores-avanza-en-el-sector-energetico/;pasada rápida de rubro (sesión cloud);2026-09-27
COF-VM S.A.S;VILLA MARIA;Cordoba;;;;no se pudo confirmar actividad de la empresa ni relación con el dominio dado (centrorepuesto.com);no se pudo confirmar actividad de la empresa ni relación con el dominio dado (centrorepuesto.com);https://www.cuitonline.com/detalle/30717309509/cof-vm-s.a.s.html;pasada rápida de rubro (sesión cloud);2026-09-27
Bioenergia La Corona S.A.;Concepcion;Tucuman;azucarcorona.com.ar;bioenergía del Ingenio La Corona: producción de azúcar y bioetanol a partir de caña;;expansión | grupo grande: adquirida en 2026 por Ingenios del Norte (grupo Blaquier);grupo grande: adquirida en 2026 por Ingenios del Norte (grupo Blaquier);https://www.lanacion.com.ar/economia/campo/el-empresario-santiago-blaquier-compro-el-historico-ingenio-la-corona-y-avanza-en-el-negocio-nid04092026/ | https://www.cuitonline.com/detalle/30710964374/bioenergia-la-corona-s.a.html;pasada rápida de rubro (sesión cloud);2026-09-27
